split,fname,original_shape,mask_area,mask_bbox,slice_ratio
train,colon_001_51_CT_colon_tumor.png,"(512, 512)",3364,"(312, 592, 77, 93)",10
train,colon_001_52_CT_colon_tumor.png,"(512, 512)",2584,"(324, 608, 91, 41)",7
train,colon_001_53_CT_colon_tumor.png,"(512, 512)",1184,"(342, 610, 51, 41)",3
train,colon_005_44_CT_colon_tumor.png,"(512, 512)",1112,"(710, 556, 37, 57)",1
train,colon_005_50_CT_colon_tumor.png,"(512, 512)",1080,"(232, 572, 69, 33)",1
train,colon_005_51_CT_colon_tumor.png,"(512, 512)",3244,"(232, 562, 81, 73)",3
train,colon_005_52_CT_colon_tumor.png,"(512, 512)",6820,"(226, 524, 93, 125)",7
train,colon_005_53_CT_colon_tumor.png,"(512, 512)",8572,"(228, 516, 81, 129)",9
train,colon_005_54_CT_colon_tumor.png,"(512, 512)",7336,"(220, 510, 81, 119)",7
train,colon_005_55_CT_colon_tumor.png,"(512, 512)",9400,"(204, 472, 95, 131)",10
train,colon_005_56_CT_colon_tumor.png,"(512, 512)",7312,"(198, 472, 101, 127)",7
train,colon_005_57_CT_colon_tumor.png,"(512, 512)",5720,"(194, 478, 109, 105)",6
train,colon_005_58_CT_colon_tumor.png,"(512, 512)",5340,"(190, 486, 119, 85)",5
train,colon_005_59_CT_colon_tumor.png,"(512, 512)",3096,"(214, 496, 93, 73)",3
train,colon_005_60_CT_colon_tumor.png,"(512, 512)",1816,"(236, 514, 63, 57)",1
train,colon_006_42_CT_colon_tumor.png,"(512, 512)",3340,"(122, 412, 73, 83)",10
train,colon_006_43_CT_colon_tumor.png,"(512, 512)",1420,"(166, 426, 35, 59)",4
train,colon_007_38_CT_colon_tumor.png,"(512, 512)",1996,"(580, 694, 65, 39)",4
train,colon_007_39_CT_colon_tumor.png,"(512, 512)",2464,"(580, 666, 75, 73)",5
train,colon_007_40_CT_colon_tumor.png,"(512, 512)",4692,"(556, 654, 121, 101)",10
train,colon_007_41_CT_colon_tumor.png,"(512, 512)",4384,"(580, 648, 91, 103)",9
train,colon_007_42_CT_colon_tumor.png,"(512, 512)",2124,"(612, 664, 53, 75)",4
train,colon_007_43_CT_colon_tumor.png,"(512, 512)",1808,"(612, 668, 39, 65)",3
train,colon_007_44_CT_colon_tumor.png,"(512, 512)",932,"(618, 682, 25, 43)",1
train,colon_008_97_CT_colon_tumor.png,"(512, 512)",1796,"(326, 570, 51, 63)",3
train,colon_008_98_CT_colon_tumor.png,"(512, 512)",1956,"(324, 578, 53, 63)",3
train,colon_008_99_CT_colon_tumor.png,"(512, 512)",2156,"(324, 576, 55, 73)",3
train,colon_008_100_CT_colon_tumor.png,"(512, 512)",2436,"(328, 576, 51, 75)",4
train,colon_008_101_CT_colon_tumor.png,"(512, 512)",5204,"(284, 556, 103, 101)",9
train,colon_008_102_CT_colon_tumor.png,"(512, 512)",5516,"(294, 548, 107, 109)",10
train,colon_008_103_CT_colon_tumor.png,"(512, 512)",3732,"(308, 548, 83, 109)",6
train,colon_008_104_CT_colon_tumor.png,"(512, 512)",2412,"(310, 600, 73, 53)",4
train,colon_008_105_CT_colon_tumor.png,"(512, 512)",3608,"(304, 584, 89, 67)",6
train,colon_008_106_CT_colon_tumor.png,"(512, 512)",3008,"(304, 576, 89, 63)",5
train,colon_008_107_CT_colon_tumor.png,"(512, 512)",1804,"(304, 574, 75, 35)",3
train,colon_008_108_CT_colon_tumor.png,"(512, 512)",1348,"(300, 568, 69, 37)",2
train,colon_009_51_CT_colon_tumor.png,"(512, 512)",1832,"(308, 546, 47, 59)",1
train,colon_009_52_CT_colon_tumor.png,"(512, 512)",4612,"(302, 520, 69, 111)",4
train,colon_009_53_CT_colon_tumor.png,"(512, 512)",6928,"(284, 526, 105, 115)",6
train,colon_009_54_CT_colon_tumor.png,"(512, 512)",10036,"(270, 526, 113, 117)",9
train,colon_009_55_CT_colon_tumor.png,"(512, 512)",9188,"(258, 538, 121, 107)",8
train,colon_009_56_CT_colon_tumor.png,"(512, 512)",8700,"(236, 534, 121, 103)",8
train,colon_009_57_CT_colon_tumor.png,"(512, 512)",10228,"(240, 498, 103, 133)",9
train,colon_009_58_CT_colon_tumor.png,"(512, 512)",10316,"(248, 498, 113, 139)",10
train,colon_009_59_CT_colon_tumor.png,"(512, 512)",5572,"(294, 512, 61, 109)",5
train,colon_009_60_CT_colon_tumor.png,"(512, 512)",3072,"(296, 524, 57, 83)",2
train,colon_011_58_CT_colon_tumor.png,"(512, 512)",3592,"(646, 660, 81, 59)",6
train,colon_011_59_CT_colon_tumor.png,"(512, 512)",3684,"(634, 660, 93, 69)",7
train,colon_011_60_CT_colon_tumor.png,"(512, 512)",5172,"(646, 636, 89, 85)",10
train,colon_011_61_CT_colon_tumor.png,"(512, 512)",2036,"(652, 660, 51, 61)",3
train,colon_011_62_CT_colon_tumor.png,"(512, 512)",864,"(656, 672, 45, 55)",1
train,colon_011_63_CT_colon_tumor.png,"(512, 512)",692,"(662, 682, 39, 43)",1
train,colon_012_55_CT_colon_tumor.png,"(512, 512)",2304,"(744, 504, 45, 71)",2
train,colon_012_56_CT_colon_tumor.png,"(512, 512)",2512,"(744, 512, 49, 69)",3
train,colon_012_57_CT_colon_tumor.png,"(512, 512)",5584,"(668, 518, 127, 233)",6
train,colon_012_58_CT_colon_tumor.png,"(512, 512)",4140,"(700, 524, 89, 217)",5
train,colon_012_59_CT_colon_tumor.png,"(512, 512)",5192,"(686, 536, 89, 209)",6
train,colon_012_60_CT_colon_tumor.png,"(512, 512)",6072,"(698, 544, 71, 195)",7
train,colon_012_61_CT_colon_tumor.png,"(512, 512)",6080,"(694, 546, 73, 189)",7
train,colon_012_62_CT_colon_tumor.png,"(512, 512)",6708,"(694, 548, 67, 189)",8
train,colon_012_63_CT_colon_tumor.png,"(512, 512)",8224,"(688, 552, 73, 173)",10
train,colon_012_64_CT_colon_tumor.png,"(512, 512)",7332,"(678, 570, 73, 147)",8
train,colon_012_65_CT_colon_tumor.png,"(512, 512)",5068,"(668, 584, 75, 127)",6
train,colon_012_66_CT_colon_tumor.png,"(512, 512)",2412,"(680, 610, 55, 99)",2
train,colon_015_2_CT_colon_tumor.png,"(512, 512)",528,"(642, 592, 45, 59)",2
train,colon_015_3_CT_colon_tumor.png,"(512, 512)",1204,"(610, 594, 65, 75)",5
train,colon_015_4_CT_colon_tumor.png,"(512, 512)",1644,"(612, 612, 83, 59)",7
train,colon_015_5_CT_colon_tumor.png,"(512, 512)",2052,"(602, 612, 81, 61)",8
train,colon_015_6_CT_colon_tumor.png,"(512, 512)",2304,"(610, 612, 67, 57)",10
train,colon_015_7_CT_colon_tumor.png,"(512, 512)",1832,"(610, 618, 59, 51)",7
train,colon_015_8_CT_colon_tumor.png,"(512, 512)",1568,"(600, 620, 63, 51)",6
train,colon_015_9_CT_colon_tumor.png,"(512, 512)",1448,"(602, 622, 59, 49)",6
train,colon_015_10_CT_colon_tumor.png,"(512, 512)",1868,"(606, 622, 55, 49)",8
train,colon_015_11_CT_colon_tumor.png,"(512, 512)",1832,"(608, 624, 55, 47)",7
train,colon_015_12_CT_colon_tumor.png,"(512, 512)",1384,"(612, 616, 53, 53)",6
train,colon_015_13_CT_colon_tumor.png,"(512, 512)",564,"(654, 618, 15, 47)",2
train,colon_022_33_CT_colon_tumor.png,"(512, 512)",1552,"(738, 450, 93, 59)",1
train,colon_022_34_CT_colon_tumor.png,"(512, 512)",2360,"(732, 440, 103, 79)",2
train,colon_022_35_CT_colon_tumor.png,"(512, 512)",4364,"(728, 432, 67, 131)",4
train,colon_022_36_CT_colon_tumor.png,"(512, 512)",4204,"(720, 444, 99, 125)",4
train,colon_022_37_CT_colon_tumor.png,"(512, 512)",9588,"(720, 432, 143, 125)",10
train,colon_022_38_CT_colon_tumor.png,"(512, 512)",7072,"(732, 462, 123, 93)",7
train,colon_022_39_CT_colon_tumor.png,"(512, 512)",7780,"(744, 420, 111, 113)",8
train,colon_022_40_CT_colon_tumor.png,"(512, 512)",5232,"(744, 422, 113, 109)",5
train,colon_022_41_CT_colon_tumor.png,"(512, 512)",4604,"(744, 420, 109, 103)",4
train,colon_024_47_CT_colon_tumor.png,"(512, 512)",1064,"(156, 498, 37, 67)",1
train,colon_024_48_CT_colon_tumor.png,"(512, 512)",1348,"(156, 488, 47, 69)",2
train,colon_024_49_CT_colon_tumor.png,"(512, 512)",2040,"(156, 482, 71, 69)",3
train,colon_024_50_CT_colon_tumor.png,"(512, 512)",2284,"(156, 486, 75, 59)",3
train,colon_024_51_CT_colon_tumor.png,"(512, 512)",3512,"(158, 466, 77, 87)",5
train,colon_024_52_CT_colon_tumor.png,"(512, 512)",5272,"(160, 460, 81, 89)",8
train,colon_024_53_CT_colon_tumor.png,"(512, 512)",1560,"(166, 462, 71, 79)",2
train,colon_024_54_CT_colon_tumor.png,"(512, 512)",5284,"(158, 456, 91, 93)",8
train,colon_024_55_CT_colon_tumor.png,"(512, 512)",5724,"(158, 452, 93, 91)",9
train,colon_024_56_CT_colon_tumor.png,"(512, 512)",5832,"(170, 440, 105, 97)",9
train,colon_024_57_CT_colon_tumor.png,"(512, 512)",5708,"(152, 422, 105, 95)",9
train,colon_024_58_CT_colon_tumor.png,"(512, 512)",4840,"(148, 426, 97, 91)",7
train,colon_024_59_CT_colon_tumor.png,"(512, 512)",5144,"(146, 418, 97, 101)",8
train,colon_024_60_CT_colon_tumor.png,"(512, 512)",6184,"(144, 418, 97, 111)",10
train,colon_024_61_CT_colon_tumor.png,"(512, 512)",5500,"(148, 424, 89, 99)",8
train,colon_024_62_CT_colon_tumor.png,"(512, 512)",4568,"(138, 440, 89, 81)",7
train,colon_024_63_CT_colon_tumor.png,"(512, 512)",3200,"(136, 438, 79, 79)",5
train,colon_024_64_CT_colon_tumor.png,"(512, 512)",2668,"(136, 432, 81, 89)",4
train,colon_025_44_CT_colon_tumor.png,"(512, 512)",864,"(690, 368, 45, 29)",4
train,colon_025_45_CT_colon_tumor.png,"(512, 512)",1488,"(690, 360, 49, 45)",7
train,colon_025_46_CT_colon_tumor.png,"(512, 512)",1964,"(692, 362, 49, 71)",10
train,colon_025_47_CT_colon_tumor.png,"(512, 512)",940,"(692, 366, 33, 47)",4
train,colon_025_48_CT_colon_tumor.png,"(512, 512)",376,"(700, 378, 15, 33)",1
train,colon_026_37_CT_colon_tumor.png,"(512, 512)",1892,"(702, 500, 69, 63)",3
train,colon_026_38_CT_colon_tumor.png,"(512, 512)",3252,"(714, 472, 75, 119)",6
train,colon_026_39_CT_colon_tumor.png,"(512, 512)",5320,"(690, 458, 107, 109)",10
train,colon_026_40_CT_colon_tumor.png,"(512, 512)",3884,"(694, 462, 109, 71)",7
train,colon_026_41_CT_colon_tumor.png,"(512, 512)",3116,"(698, 462, 113, 57)",5
train,colon_026_42_CT_colon_tumor.png,"(512, 512)",2508,"(700, 464, 103, 61)",4
train,colon_026_43_CT_colon_tumor.png,"(512, 512)",2180,"(710, 462, 39, 85)",4
train,colon_026_44_CT_colon_tumor.png,"(512, 512)",2388,"(704, 462, 49, 79)",4
train,colon_026_45_CT_colon_tumor.png,"(512, 512)",1512,"(702, 470, 37, 57)",2
train,colon_026_46_CT_colon_tumor.png,"(512, 512)",672,"(696, 486, 33, 31)",1
train,colon_027_16_CT_colon_tumor.png,"(512, 512)",2516,"(546, 334, 57, 63)",1
train,colon_027_17_CT_colon_tumor.png,"(512, 512)",7660,"(522, 296, 109, 123)",3
train,colon_027_18_CT_colon_tumor.png,"(512, 512)",16268,"(446, 282, 191, 171)",7
train,colon_027_19_CT_colon_tumor.png,"(512, 512)",20016,"(426, 278, 213, 183)",9
train,colon_027_20_CT_colon_tumor.png,"(512, 512)",22048,"(366, 282, 269, 189)",10
train,colon_027_21_CT_colon_tumor.png,"(512, 512)",10600,"(374, 296, 263, 187)",4
train,colon_027_22_CT_colon_tumor.png,"(512, 512)",4988,"(536, 384, 101, 107)",2
train,colon_027_23_CT_colon_tumor.png,"(512, 512)",4556,"(530, 392, 99, 109)",2
train,colon_027_24_CT_colon_tumor.png,"(512, 512)",3788,"(522, 394, 97, 77)",1
train,colon_027_25_CT_colon_tumor.png,"(512, 512)",3180,"(516, 396, 69, 89)",1
train,colon_028_33_CT_colon_tumor.png,"(512, 512)",1028,"(404, 664, 61, 31)",2
train,colon_028_34_CT_colon_tumor.png,"(512, 512)",1956,"(398, 648, 89, 43)",4
train,colon_028_35_CT_colon_tumor.png,"(512, 512)",2164,"(388, 648, 85, 43)",4
train,colon_028_36_CT_colon_tumor.png,"(512, 512)",2592,"(392, 648, 77, 65)",5
train,colon_028_37_CT_colon_tumor.png,"(512, 512)",4576,"(392, 650, 79, 97)",10
train,colon_028_38_CT_colon_tumor.png,"(512, 512)",4380,"(398, 652, 79, 91)",9
train,colon_028_39_CT_colon_tumor.png,"(512, 512)",1244,"(396, 682, 77, 57)",2
train,colon_029_9_CT_colon_tumor.png,"(512, 512)",3988,"(634, 470, 81, 107)",3
train,colon_029_10_CT_colon_tumor.png,"(512, 512)",5772,"(638, 466, 85, 103)",4
train,colon_029_11_CT_colon_tumor.png,"(512, 512)",6036,"(640, 466, 89, 99)",4
train,colon_029_12_CT_colon_tumor.png,"(512, 512)",6240,"(628, 466, 93, 99)",4
train,colon_029_13_CT_colon_tumor.png,"(512, 512)",6544,"(620, 466, 103, 107)",5
train,colon_029_14_CT_colon_tumor.png,"(512, 512)",9016,"(616, 466, 111, 109)",7
train,colon_029_15_CT_colon_tumor.png,"(512, 512)",10380,"(616, 464, 123, 109)",8
train,colon_029_16_CT_colon_tumor.png,"(512, 512)",11796,"(624, 458, 133, 159)",9
train,colon_029_17_CT_colon_tumor.png,"(512, 512)",11396,"(642, 462, 125, 165)",9
train,colon_029_18_CT_colon_tumor.png,"(512, 512)",12316,"(648, 464, 127, 171)",9
train,colon_029_19_CT_colon_tumor.png,"(512, 512)",12580,"(652, 466, 123, 173)",10
train,colon_029_20_CT_colon_tumor.png,"(512, 512)",10904,"(658, 476, 115, 173)",8
train,colon_029_21_CT_colon_tumor.png,"(512, 512)",7732,"(662, 480, 109, 165)",6
train,colon_029_22_CT_colon_tumor.png,"(512, 512)",4460,"(660, 510, 113, 131)",3
train,colon_029_23_CT_colon_tumor.png,"(512, 512)",4624,"(660, 524, 107, 119)",3
train,colon_030_49_CT_colon_tumor.png,"(512, 512)",7576,"(662, 504, 95, 141)",3
train,colon_030_50_CT_colon_tumor.png,"(512, 512)",9756,"(662, 492, 119, 155)",3
train,colon_030_51_CT_colon_tumor.png,"(512, 512)",10104,"(660, 500, 127, 149)",4
train,colon_030_52_CT_colon_tumor.png,"(512, 512)",14672,"(662, 482, 151, 173)",5
train,colon_030_53_CT_colon_tumor.png,"(512, 512)",13136,"(664, 488, 143, 173)",5
train,colon_030_54_CT_colon_tumor.png,"(512, 512)",11984,"(696, 516, 129, 163)",4
train,colon_030_55_CT_colon_tumor.png,"(512, 512)",18668,"(632, 494, 191, 183)",7
train,colon_030_56_CT_colon_tumor.png,"(512, 512)",24552,"(628, 498, 207, 173)",10
train,colon_030_57_CT_colon_tumor.png,"(512, 512)",22992,"(630, 496, 175, 177)",9
train,colon_030_58_CT_colon_tumor.png,"(512, 512)",19596,"(626, 504, 177, 171)",7
train,colon_030_59_CT_colon_tumor.png,"(512, 512)",16640,"(624, 516, 183, 151)",6
train,colon_030_60_CT_colon_tumor.png,"(512, 512)",13880,"(622, 524, 181, 133)",5
train,colon_030_61_CT_colon_tumor.png,"(512, 512)",9404,"(630, 530, 167, 109)",3
train,colon_030_62_CT_colon_tumor.png,"(512, 512)",7036,"(632, 536, 149, 95)",2
train,colon_031_57_CT_colon_tumor.png,"(512, 512)",980,"(166, 498, 39, 33)",5
train,colon_031_58_CT_colon_tumor.png,"(512, 512)",744,"(170, 500, 33, 35)",4
train,colon_031_59_CT_colon_tumor.png,"(512, 512)",528,"(172, 508, 29, 31)",3
train,colon_031_60_CT_colon_tumor.png,"(512, 512)",956,"(170, 502, 43, 39)",5
train,colon_031_61_CT_colon_tumor.png,"(512, 512)",780,"(170, 502, 37, 29)",4
train,colon_031_62_CT_colon_tumor.png,"(512, 512)",900,"(170, 500, 39, 31)",5
train,colon_031_63_CT_colon_tumor.png,"(512, 512)",1200,"(168, 496, 39, 39)",7
train,colon_031_64_CT_colon_tumor.png,"(512, 512)",1676,"(166, 488, 49, 47)",10
train,colon_031_65_CT_colon_tumor.png,"(512, 512)",1668,"(168, 494, 51, 41)",9
train,colon_031_66_CT_colon_tumor.png,"(512, 512)",1232,"(170, 496, 49, 35)",7
train,colon_031_67_CT_colon_tumor.png,"(512, 512)",1124,"(176, 488, 43, 37)",6
train,colon_031_68_CT_colon_tumor.png,"(512, 512)",1300,"(182, 492, 37, 43)",7
train,colon_031_69_CT_colon_tumor.png,"(512, 512)",1584,"(184, 490, 51, 45)",9
train,colon_031_70_CT_colon_tumor.png,"(512, 512)",1608,"(192, 486, 43, 51)",9
train,colon_031_71_CT_colon_tumor.png,"(512, 512)",1596,"(198, 494, 45, 45)",9
train,colon_031_72_CT_colon_tumor.png,"(512, 512)",1504,"(204, 500, 45, 43)",8
train,colon_031_73_CT_colon_tumor.png,"(512, 512)",1260,"(212, 508, 43, 47)",7
train,colon_031_74_CT_colon_tumor.png,"(512, 512)",940,"(220, 520, 39, 47)",5
train,colon_032_43_CT_colon_tumor.png,"(512, 512)",816,"(534, 610, 51, 49)",3
train,colon_032_44_CT_colon_tumor.png,"(512, 512)",1720,"(522, 606, 59, 47)",7
train,colon_032_45_CT_colon_tumor.png,"(512, 512)",1908,"(516, 604, 59, 57)",8
train,colon_032_46_CT_colon_tumor.png,"(512, 512)",1488,"(514, 614, 57, 49)",6
train,colon_032_47_CT_colon_tumor.png,"(512, 512)",1832,"(506, 614, 61, 51)",8
train,colon_032_48_CT_colon_tumor.png,"(512, 512)",2240,"(504, 612, 55, 59)",10
train,colon_032_49_CT_colon_tumor.png,"(512, 512)",1624,"(504, 616, 55, 63)",7
train,colon_033_78_CT_colon_tumor.png,"(512, 512)",1816,"(680, 518, 55, 65)",1
train,colon_033_79_CT_colon_tumor.png,"(512, 512)",2984,"(684, 516, 63, 79)",1
train,colon_033_80_CT_colon_tumor.png,"(512, 512)",7004,"(692, 488, 117, 117)",4
train,colon_033_81_CT_colon_tumor.png,"(512, 512)",9916,"(686, 498, 135, 111)",6
train,colon_033_82_CT_colon_tumor.png,"(512, 512)",10328,"(696, 490, 135, 121)",6
train,colon_033_83_CT_colon_tumor.png,"(512, 512)",12224,"(680, 478, 151, 137)",7
train,colon_033_84_CT_colon_tumor.png,"(512, 512)",12968,"(680, 478, 159, 135)",7
train,colon_033_85_CT_colon_tumor.png,"(512, 512)",13300,"(678, 468, 167, 145)",8
train,colon_033_86_CT_colon_tumor.png,"(512, 512)",14556,"(676, 448, 167, 173)",8
train,colon_033_87_CT_colon_tumor.png,"(512, 512)",15640,"(656, 440, 185, 171)",9
train,colon_033_88_CT_colon_tumor.png,"(512, 512)",15960,"(688, 440, 151, 169)",9
train,colon_033_89_CT_colon_tumor.png,"(512, 512)",15380,"(682, 444, 153, 161)",9
train,colon_033_90_CT_colon_tumor.png,"(512, 512)",4616,"(700, 460, 115, 81)",2
train,colon_033_91_CT_colon_tumor.png,"(512, 512)",16244,"(672, 440, 155, 165)",10
train,colon_033_92_CT_colon_tumor.png,"(512, 512)",15864,"(670, 442, 153, 165)",9
train,colon_033_93_CT_colon_tumor.png,"(512, 512)",14076,"(672, 450, 147, 155)",8
train,colon_033_94_CT_colon_tumor.png,"(512, 512)",12260,"(672, 458, 141, 143)",7
train,colon_033_95_CT_colon_tumor.png,"(512, 512)",10936,"(676, 460, 137, 141)",6
train,colon_033_96_CT_colon_tumor.png,"(512, 512)",7812,"(676, 474, 139, 123)",4
train,colon_033_97_CT_colon_tumor.png,"(512, 512)",7268,"(680, 462, 135, 137)",4
train,colon_033_98_CT_colon_tumor.png,"(512, 512)",4844,"(680, 510, 85, 87)",2
train,colon_033_99_CT_colon_tumor.png,"(512, 512)",4960,"(680, 518, 91, 75)",3
train,colon_033_100_CT_colon_tumor.png,"(512, 512)",4416,"(688, 528, 85, 65)",2
train,colon_033_101_CT_colon_tumor.png,"(512, 512)",2544,"(698, 542, 79, 47)",1
train,colon_033_102_CT_colon_tumor.png,"(512, 512)",2236,"(692, 534, 69, 49)",1
train,colon_036_29_CT_colon_tumor.png,"(512, 512)",2412,"(482, 260, 51, 59)",5
train,colon_036_30_CT_colon_tumor.png,"(512, 512)",4728,"(480, 258, 63, 95)",10
train,colon_036_31_CT_colon_tumor.png,"(512, 512)",4456,"(462, 260, 91, 93)",9
train,colon_036_32_CT_colon_tumor.png,"(512, 512)",1560,"(474, 294, 61, 55)",3
train,colon_036_33_CT_colon_tumor.png,"(512, 512)",1060,"(480, 304, 39, 39)",2
train,colon_038_21_CT_colon_tumor.png,"(512, 512)",3896,"(446, 446, 115, 73)",10
train,colon_038_22_CT_colon_tumor.png,"(512, 512)",3544,"(438, 442, 89, 81)",9
train,colon_038_23_CT_colon_tumor.png,"(512, 512)",3440,"(438, 450, 109, 69)",8
train,colon_038_24_CT_colon_tumor.png,"(512, 512)",3720,"(442, 452, 129, 63)",9
train,colon_039_28_CT_colon_tumor.png,"(512, 512)",2868,"(694, 554, 69, 61)",1
train,colon_039_29_CT_colon_tumor.png,"(512, 512)",7608,"(646, 560, 151, 81)",2
train,colon_039_30_CT_colon_tumor.png,"(512, 512)",18908,"(636, 558, 183, 165)",7
train,colon_039_31_CT_colon_tumor.png,"(512, 512)",23916,"(656, 512, 193, 207)",8
train,colon_039_32_CT_colon_tumor.png,"(512, 512)",25560,"(666, 518, 187, 207)",9
train,colon_039_33_CT_colon_tumor.png,"(512, 512)",25700,"(662, 516, 189, 205)",9
train,colon_039_34_CT_colon_tumor.png,"(512, 512)",26988,"(642, 518, 213, 217)",10
train,colon_039_35_CT_colon_tumor.png,"(512, 512)",25828,"(660, 518, 191, 203)",9
train,colon_039_36_CT_colon_tumor.png,"(512, 512)",22724,"(660, 528, 199, 195)",8
train,colon_039_37_CT_colon_tumor.png,"(512, 512)",18224,"(688, 516, 161, 175)",6
train,colon_039_38_CT_colon_tumor.png,"(512, 512)",15456,"(688, 536, 157, 137)",5
train,colon_039_39_CT_colon_tumor.png,"(512, 512)",12332,"(690, 540, 135, 119)",4
train,colon_039_40_CT_colon_tumor.png,"(512, 512)",8068,"(696, 556, 111, 101)",2
train,colon_040_35_CT_colon_tumor.png,"(512, 512)",3228,"(484, 414, 81, 63)",4
train,colon_040_36_CT_colon_tumor.png,"(512, 512)",4572,"(478, 416, 95, 75)",6
train,colon_040_37_CT_colon_tumor.png,"(512, 512)",5344,"(478, 384, 101, 111)",7
train,colon_040_38_CT_colon_tumor.png,"(512, 512)",6820,"(482, 372, 99, 133)",10
train,colon_040_39_CT_colon_tumor.png,"(512, 512)",6492,"(488, 382, 95, 129)",9
train,colon_040_40_CT_colon_tumor.png,"(512, 512)",4096,"(508, 432, 79, 85)",6
train,colon_040_41_CT_colon_tumor.png,"(512, 512)",4112,"(516, 432, 73, 89)",6
train,colon_040_42_CT_colon_tumor.png,"(512, 512)",3016,"(522, 464, 65, 63)",4
train,colon_040_43_CT_colon_tumor.png,"(512, 512)",3336,"(522, 476, 69, 63)",4
train,colon_040_44_CT_colon_tumor.png,"(512, 512)",1936,"(526, 476, 65, 47)",2
train,colon_040_45_CT_colon_tumor.png,"(512, 512)",1680,"(532, 486, 61, 41)",2
train,colon_041_50_CT_colon_tumor.png,"(512, 512)",3660,"(674, 520, 75, 71)",8
train,colon_041_51_CT_colon_tumor.png,"(512, 512)",4464,"(678, 512, 87, 77)",10
train,colon_041_52_CT_colon_tumor.png,"(512, 512)",3504,"(680, 518, 89, 67)",7
train,colon_041_53_CT_colon_tumor.png,"(512, 512)",3204,"(684, 516, 87, 75)",7
train,colon_041_54_CT_colon_tumor.png,"(512, 512)",2860,"(710, 506, 61, 91)",6
train,colon_041_55_CT_colon_tumor.png,"(512, 512)",4076,"(694, 502, 71, 101)",9
train,colon_041_56_CT_colon_tumor.png,"(512, 512)",3780,"(696, 500, 63, 99)",8
train,colon_041_57_CT_colon_tumor.png,"(512, 512)",2340,"(696, 512, 57, 77)",5
train,colon_042_16_CT_colon_tumor.png,"(512, 512)",908,"(678, 718, 45, 49)",1
train,colon_042_17_CT_colon_tumor.png,"(512, 512)",4540,"(698, 666, 107, 111)",9
train,colon_042_18_CT_colon_tumor.png,"(512, 512)",4604,"(698, 684, 107, 95)",10
train,colon_042_19_CT_colon_tumor.png,"(512, 512)",2324,"(712, 702, 71, 69)",5
train,colon_045_45_CT_colon_tumor.png,"(512, 512)",1132,"(730, 466, 37, 53)",2
train,colon_045_46_CT_colon_tumor.png,"(512, 512)",2288,"(728, 452, 49, 73)",4
train,colon_045_47_CT_colon_tumor.png,"(512, 512)",2952,"(726, 440, 63, 79)",5
train,colon_045_48_CT_colon_tumor.png,"(512, 512)",4592,"(722, 436, 85, 93)",8
train,colon_045_49_CT_colon_tumor.png,"(512, 512)",2712,"(728, 444, 63, 77)",5
train,colon_045_50_CT_colon_tumor.png,"(512, 512)",3552,"(714, 450, 87, 69)",6
train,colon_045_51_CT_colon_tumor.png,"(512, 512)",5312,"(708, 436, 95, 81)",10
train,colon_045_52_CT_colon_tumor.png,"(512, 512)",3980,"(706, 438, 87, 77)",7
train,colon_045_53_CT_colon_tumor.png,"(512, 512)",2688,"(706, 444, 75, 67)",5
train,colon_045_54_CT_colon_tumor.png,"(512, 512)",1588,"(732, 448, 49, 55)",2
train,colon_046_16_CT_colon_tumor.png,"(512, 512)",2708,"(454, 436, 81, 67)",4
train,colon_046_17_CT_colon_tumor.png,"(512, 512)",4664,"(428, 436, 107, 103)",7
train,colon_046_18_CT_colon_tumor.png,"(512, 512)",5956,"(406, 426, 125, 105)",10
train,colon_046_19_CT_colon_tumor.png,"(512, 512)",3764,"(408, 426, 95, 109)",6
train,colon_046_20_CT_colon_tumor.png,"(512, 512)",3916,"(410, 432, 101, 103)",6
train,colon_046_21_CT_colon_tumor.png,"(512, 512)",2912,"(426, 434, 89, 99)",4
train,colon_050_55_CT_colon_tumor.png,"(512, 512)",3188,"(710, 544, 99, 119)",1
train,colon_050_56_CT_colon_tumor.png,"(512, 512)",5592,"(684, 546, 139, 119)",1
train,colon_050_57_CT_colon_tumor.png,"(512, 512)",7372,"(680, 534, 145, 127)",2
train,colon_050_58_CT_colon_tumor.png,"(512, 512)",8984,"(684, 534, 153, 133)",3
train,colon_050_59_CT_colon_tumor.png,"(512, 512)",9924,"(682, 532, 159, 129)",3
train,colon_050_60_CT_colon_tumor.png,"(512, 512)",11124,"(704, 524, 139, 183)",3
train,colon_050_61_CT_colon_tumor.png,"(512, 512)",9676,"(712, 524, 125, 153)",3
train,colon_050_62_CT_colon_tumor.png,"(512, 512)",9216,"(722, 524, 119, 139)",3
train,colon_050_63_CT_colon_tumor.png,"(512, 512)",7380,"(736, 518, 97, 115)",2
train,colon_050_64_CT_colon_tumor.png,"(512, 512)",6296,"(734, 514, 97, 81)",2
train,colon_050_65_CT_colon_tumor.png,"(512, 512)",6832,"(730, 512, 107, 83)",2
train,colon_050_66_CT_colon_tumor.png,"(512, 512)",7816,"(734, 514, 113, 85)",2
train,colon_050_67_CT_colon_tumor.png,"(512, 512)",8452,"(732, 514, 119, 91)",2
train,colon_050_68_CT_colon_tumor.png,"(512, 512)",7544,"(722, 510, 103, 97)",2
train,colon_050_69_CT_colon_tumor.png,"(512, 512)",8776,"(724, 510, 105, 103)",3
train,colon_050_70_CT_colon_tumor.png,"(512, 512)",8600,"(724, 506, 101, 109)",3
train,colon_050_71_CT_colon_tumor.png,"(512, 512)",11616,"(724, 502, 121, 117)",4
train,colon_050_72_CT_colon_tumor.png,"(512, 512)",11700,"(724, 500, 125, 121)",4
train,colon_050_73_CT_colon_tumor.png,"(512, 512)",13436,"(726, 498, 121, 139)",4
train,colon_050_74_CT_colon_tumor.png,"(512, 512)",13844,"(718, 500, 131, 143)",4
train,colon_050_75_CT_colon_tumor.png,"(512, 512)",15828,"(698, 500, 153, 149)",5
train,colon_050_76_CT_colon_tumor.png,"(512, 512)",17840,"(634, 510, 217, 155)",6
train,colon_050_77_CT_colon_tumor.png,"(512, 512)",20760,"(618, 520, 227, 163)",7
train,colon_050_78_CT_colon_tumor.png,"(512, 512)",26860,"(622, 524, 225, 183)",9
train,colon_050_79_CT_colon_tumor.png,"(512, 512)",25052,"(632, 532, 219, 169)",8
train,colon_050_80_CT_colon_tumor.png,"(512, 512)",28248,"(622, 532, 229, 187)",10
train,colon_050_81_CT_colon_tumor.png,"(512, 512)",26228,"(626, 534, 221, 181)",9
train,colon_050_82_CT_colon_tumor.png,"(512, 512)",24028,"(626, 540, 211, 175)",8
train,colon_050_83_CT_colon_tumor.png,"(512, 512)",23152,"(636, 536, 195, 161)",8
train,colon_050_84_CT_colon_tumor.png,"(512, 512)",22772,"(628, 536, 201, 159)",8
train,colon_050_85_CT_colon_tumor.png,"(512, 512)",17692,"(628, 538, 193, 155)",6
train,colon_050_86_CT_colon_tumor.png,"(512, 512)",16860,"(640, 538, 181, 143)",5
train,colon_050_87_CT_colon_tumor.png,"(512, 512)",14052,"(632, 542, 169, 129)",4
train,colon_050_88_CT_colon_tumor.png,"(512, 512)",7884,"(652, 544, 109, 95)",2
train,colon_050_89_CT_colon_tumor.png,"(512, 512)",2944,"(660, 556, 65, 59)",1
train,colon_051_23_CT_colon_tumor.png,"(512, 512)",2596,"(228, 378, 61, 81)",4
train,colon_051_24_CT_colon_tumor.png,"(512, 512)",3168,"(232, 384, 55, 77)",5
train,colon_051_25_CT_colon_tumor.png,"(512, 512)",3660,"(230, 382, 67, 77)",5
train,colon_051_26_CT_colon_tumor.png,"(512, 512)",3244,"(234, 386, 65, 69)",5
train,colon_051_27_CT_colon_tumor.png,"(512, 512)",3068,"(234, 398, 71, 59)",4
train,colon_051_28_CT_colon_tumor.png,"(512, 512)",4392,"(238, 382, 75, 87)",6
train,colon_051_29_CT_colon_tumor.png,"(512, 512)",6312,"(230, 370, 87, 103)",10
train,colon_051_30_CT_colon_tumor.png,"(512, 512)",5668,"(234, 374, 79, 95)",8
train,colon_051_31_CT_colon_tumor.png,"(512, 512)",3220,"(240, 390, 71, 69)",5
train,colon_051_32_CT_colon_tumor.png,"(512, 512)",1976,"(240, 416, 63, 51)",3
train,colon_053_54_CT_colon_tumor.png,"(512, 512)",2860,"(738, 574, 73, 95)",4
train,colon_053_55_CT_colon_tumor.png,"(512, 512)",4648,"(738, 560, 89, 91)",7
train,colon_053_56_CT_colon_tumor.png,"(512, 512)",6460,"(726, 546, 115, 97)",10
train,colon_053_57_CT_colon_tumor.png,"(512, 512)",5736,"(738, 544, 97, 99)",8
train,colon_053_58_CT_colon_tumor.png,"(512, 512)",4048,"(740, 558, 87, 73)",6
train,colon_053_59_CT_colon_tumor.png,"(512, 512)",3256,"(742, 560, 81, 65)",5
train,colon_053_60_CT_colon_tumor.png,"(512, 512)",2448,"(746, 562, 75, 65)",3
train,colon_053_61_CT_colon_tumor.png,"(512, 512)",1512,"(750, 584, 55, 39)",2
train,colon_054_30_CT_colon_tumor.png,"(512, 512)",288,"(428, 480, 23, 17)",2
train,colon_054_31_CT_colon_tumor.png,"(512, 512)",1112,"(420, 462, 41, 41)",9
train,colon_054_32_CT_colon_tumor.png,"(512, 512)",1196,"(420, 466, 49, 51)",10
train,colon_054_33_CT_colon_tumor.png,"(512, 512)",720,"(430, 474, 39, 31)",6
train,colon_059_22_CT_colon_tumor.png,"(512, 512)",1068,"(452, 454, 39, 39)",1
train,colon_059_23_CT_colon_tumor.png,"(512, 512)",2776,"(440, 444, 63, 63)",4
train,colon_059_24_CT_colon_tumor.png,"(512, 512)",3988,"(434, 426, 71, 93)",5
train,colon_059_25_CT_colon_tumor.png,"(512, 512)",6496,"(428, 388, 77, 135)",9
train,colon_059_26_CT_colon_tumor.png,"(512, 512)",6824,"(426, 396, 71, 153)",10
train,colon_059_27_CT_colon_tumor.png,"(512, 512)",3436,"(430, 414, 61, 155)",5
train,colon_061_29_CT_colon_tumor.png,"(512, 512)",1724,"(434, 584, 55, 49)",5
train,colon_061_30_CT_colon_tumor.png,"(512, 512)",2828,"(386, 572, 103, 49)",8
train,colon_061_31_CT_colon_tumor.png,"(512, 512)",3084,"(398, 564, 79, 53)",9
train,colon_061_32_CT_colon_tumor.png,"(512, 512)",2936,"(392, 566, 65, 53)",9
train,colon_061_33_CT_colon_tumor.png,"(512, 512)",2628,"(378, 572, 69, 51)",8
train,colon_061_34_CT_colon_tumor.png,"(512, 512)",3196,"(358, 550, 75, 65)",10
train,colon_061_35_CT_colon_tumor.png,"(512, 512)",2568,"(352, 544, 63, 61)",8
train,colon_061_36_CT_colon_tumor.png,"(512, 512)",1992,"(352, 544, 51, 53)",6
train,colon_061_37_CT_colon_tumor.png,"(512, 512)",1904,"(338, 544, 57, 43)",5
train,colon_064_17_CT_colon_tumor.png,"(512, 512)",1564,"(404, 332, 41, 53)",5
train,colon_064_18_CT_colon_tumor.png,"(512, 512)",2044,"(402, 316, 55, 73)",6
train,colon_064_19_CT_colon_tumor.png,"(512, 512)",2660,"(408, 308, 69, 85)",8
train,colon_064_20_CT_colon_tumor.png,"(512, 512)",3036,"(408, 298, 81, 65)",10
train,colon_064_21_CT_colon_tumor.png,"(512, 512)",2756,"(436, 296, 75, 49)",9
train,colon_064_22_CT_colon_tumor.png,"(512, 512)",1868,"(462, 300, 57, 41)",6
train,colon_064_23_CT_colon_tumor.png,"(512, 512)",1892,"(474, 302, 53, 43)",6
train,colon_064_24_CT_colon_tumor.png,"(512, 512)",1820,"(480, 302, 47, 47)",5
train,colon_064_25_CT_colon_tumor.png,"(512, 512)",1464,"(484, 314, 41, 47)",4
train,colon_064_26_CT_colon_tumor.png,"(512, 512)",1580,"(482, 320, 43, 47)",5
train,colon_064_27_CT_colon_tumor.png,"(512, 512)",1724,"(484, 310, 43, 55)",5
train,colon_064_28_CT_colon_tumor.png,"(512, 512)",1172,"(492, 310, 39, 49)",3
train,colon_065_64_CT_colon_tumor.png,"(512, 512)",908,"(440, 656, 49, 39)",1
train,colon_065_65_CT_colon_tumor.png,"(512, 512)",1008,"(442, 656, 51, 43)",1
train,colon_065_66_CT_colon_tumor.png,"(512, 512)",1860,"(446, 658, 55, 59)",3
train,colon_065_67_CT_colon_tumor.png,"(512, 512)",2664,"(448, 656, 59, 61)",4
train,colon_065_68_CT_colon_tumor.png,"(512, 512)",2020,"(448, 658, 55, 51)",3
train,colon_065_69_CT_colon_tumor.png,"(512, 512)",1836,"(444, 654, 53, 47)",3
train,colon_065_70_CT_colon_tumor.png,"(512, 512)",2232,"(428, 656, 69, 45)",4
train,colon_065_71_CT_colon_tumor.png,"(512, 512)",2828,"(428, 652, 75, 51)",5
train,colon_065_72_CT_colon_tumor.png,"(512, 512)",5076,"(416, 640, 91, 87)",9
train,colon_065_73_CT_colon_tumor.png,"(512, 512)",5352,"(422, 628, 95, 95)",10
train,colon_065_74_CT_colon_tumor.png,"(512, 512)",4300,"(418, 628, 111, 67)",8
train,colon_065_75_CT_colon_tumor.png,"(512, 512)",3080,"(416, 626, 113, 61)",5
train,colon_065_76_CT_colon_tumor.png,"(512, 512)",2740,"(404, 622, 127, 63)",5
train,colon_066_51_CT_colon_tumor.png,"(512, 512)",1340,"(708, 642, 41, 41)",1
train,colon_066_52_CT_colon_tumor.png,"(512, 512)",2208,"(706, 628, 49, 61)",2
train,colon_066_53_CT_colon_tumor.png,"(512, 512)",3928,"(700, 622, 75, 75)",4
train,colon_066_54_CT_colon_tumor.png,"(512, 512)",3920,"(694, 622, 73, 85)",4
train,colon_066_55_CT_colon_tumor.png,"(512, 512)",5572,"(678, 618, 101, 85)",5
train,colon_066_56_CT_colon_tumor.png,"(512, 512)",6548,"(668, 610, 107, 93)",6
train,colon_066_57_CT_colon_tumor.png,"(512, 512)",8428,"(658, 606, 119, 95)",8
train,colon_066_58_CT_colon_tumor.png,"(512, 512)",9476,"(648, 602, 119, 119)",10
train,colon_066_59_CT_colon_tumor.png,"(512, 512)",9164,"(648, 608, 105, 129)",9
train,colon_066_60_CT_colon_tumor.png,"(512, 512)",5988,"(652, 618, 105, 97)",6
train,colon_066_61_CT_colon_tumor.png,"(512, 512)",4044,"(672, 630, 73, 87)",4
train,colon_066_62_CT_colon_tumor.png,"(512, 512)",2680,"(674, 642, 53, 75)",2
train,colon_069_1_CT_colon_tumor.png,"(512, 512)",2808,"(720, 566, 57, 65)",2
train,colon_069_2_CT_colon_tumor.png,"(512, 512)",4324,"(704, 556, 79, 83)",3
train,colon_069_3_CT_colon_tumor.png,"(512, 512)",6448,"(696, 546, 105, 105)",5
train,colon_069_4_CT_colon_tumor.png,"(512, 512)",7980,"(686, 536, 133, 119)",6
train,colon_069_5_CT_colon_tumor.png,"(512, 512)",8308,"(682, 534, 147, 113)",6
train,colon_069_6_CT_colon_tumor.png,"(512, 512)",10096,"(676, 532, 155, 113)",8
train,colon_069_7_CT_colon_tumor.png,"(512, 512)",11760,"(682, 526, 163, 133)",9
train,colon_069_8_CT_colon_tumor.png,"(512, 512)",11376,"(682, 526, 161, 131)",9
train,colon_069_9_CT_colon_tumor.png,"(512, 512)",11984,"(680, 522, 165, 137)",9
train,colon_069_10_CT_colon_tumor.png,"(512, 512)",11468,"(684, 526, 157, 135)",9
train,colon_069_11_CT_colon_tumor.png,"(512, 512)",11584,"(684, 528, 161, 133)",9
train,colon_069_12_CT_colon_tumor.png,"(512, 512)",12320,"(684, 532, 155, 125)",10
train,colon_069_13_CT_colon_tumor.png,"(512, 512)",12104,"(680, 536, 157, 133)",9
train,colon_069_14_CT_colon_tumor.png,"(512, 512)",10668,"(698, 534, 143, 115)",8
train,colon_069_15_CT_colon_tumor.png,"(512, 512)",9208,"(704, 534, 129, 117)",7
train,colon_069_16_CT_colon_tumor.png,"(512, 512)",6908,"(708, 538, 115, 107)",5
train,colon_069_17_CT_colon_tumor.png,"(512, 512)",2808,"(752, 554, 65, 75)",2
train,colon_072_40_CT_colon_tumor.png,"(512, 512)",3280,"(654, 528, 77, 87)",2
train,colon_072_41_CT_colon_tumor.png,"(512, 512)",5080,"(630, 520, 103, 101)",4
train,colon_072_42_CT_colon_tumor.png,"(512, 512)",4920,"(632, 518, 99, 105)",4
train,colon_072_43_CT_colon_tumor.png,"(512, 512)",7060,"(636, 516, 107, 115)",6
train,colon_072_44_CT_colon_tumor.png,"(512, 512)",6952,"(634, 550, 111, 87)",5
train,colon_072_45_CT_colon_tumor.png,"(512, 512)",7112,"(634, 554, 117, 89)",6
train,colon_072_46_CT_colon_tumor.png,"(512, 512)",6580,"(636, 564, 119, 83)",5
train,colon_072_47_CT_colon_tumor.png,"(512, 512)",11544,"(630, 522, 125, 129)",9
train,colon_072_48_CT_colon_tumor.png,"(512, 512)",11732,"(630, 518, 127, 127)",10
train,colon_072_49_CT_colon_tumor.png,"(512, 512)",9740,"(628, 526, 133, 119)",8
train,colon_072_50_CT_colon_tumor.png,"(512, 512)",7544,"(622, 550, 143, 101)",6
train,colon_072_51_CT_colon_tumor.png,"(512, 512)",5540,"(634, 558, 129, 83)",4
train,colon_072_52_CT_colon_tumor.png,"(512, 512)",3468,"(690, 566, 71, 63)",2
train,colon_072_53_CT_colon_tumor.png,"(512, 512)",1936,"(690, 568, 63, 57)",1
train,colon_074_41_CT_colon_tumor.png,"(512, 512)",748,"(646, 492, 39, 45)",2
train,colon_074_42_CT_colon_tumor.png,"(512, 512)",2116,"(624, 480, 67, 63)",7
train,colon_074_43_CT_colon_tumor.png,"(512, 512)",1472,"(626, 484, 67, 57)",5
train,colon_074_44_CT_colon_tumor.png,"(512, 512)",920,"(618, 498, 79, 25)",3
train,colon_074_45_CT_colon_tumor.png,"(512, 512)",1220,"(632, 470, 53, 61)",4
train,colon_074_46_CT_colon_tumor.png,"(512, 512)",1556,"(646, 462, 49, 53)",5
train,colon_074_47_CT_colon_tumor.png,"(512, 512)",2756,"(638, 460, 63, 61)",10
train,colon_074_48_CT_colon_tumor.png,"(512, 512)",1416,"(638, 466, 67, 51)",5
train,colon_074_49_CT_colon_tumor.png,"(512, 512)",1768,"(654, 458, 51, 53)",6
train,colon_074_50_CT_colon_tumor.png,"(512, 512)",904,"(652, 466, 35, 45)",3
train,colon_074_67_CT_colon_tumor.png,"(512, 512)",348,"(284, 458, 37, 27)",1
train,colon_074_68_CT_colon_tumor.png,"(512, 512)",456,"(284, 464, 29, 35)",1
train,colon_074_69_CT_colon_tumor.png,"(512, 512)",320,"(280, 470, 35, 39)",1
train,colon_075_11_CT_colon_tumor.png,"(512, 512)",1188,"(758, 480, 49, 51)",4
train,colon_075_12_CT_colon_tumor.png,"(512, 512)",2264,"(748, 480, 63, 69)",9
train,colon_075_13_CT_colon_tumor.png,"(512, 512)",1828,"(720, 502, 57, 61)",7
train,colon_075_14_CT_colon_tumor.png,"(512, 512)",2452,"(684, 522, 83, 59)",10
train,colon_075_15_CT_colon_tumor.png,"(512, 512)",984,"(684, 540, 41, 43)",4
train,colon_077_30_CT_colon_tumor.png,"(512, 512)",3292,"(574, 616, 61, 73)",3
train,colon_077_31_CT_colon_tumor.png,"(512, 512)",6868,"(564, 610, 103, 87)",6
train,colon_077_32_CT_colon_tumor.png,"(512, 512)",9532,"(556, 604, 119, 109)",9
train,colon_077_33_CT_colon_tumor.png,"(512, 512)",10068,"(554, 596, 137, 127)",10
train,colon_077_34_CT_colon_tumor.png,"(512, 512)",7916,"(578, 590, 121, 131)",7
train,colon_077_35_CT_colon_tumor.png,"(512, 512)",8396,"(580, 588, 115, 141)",8
train,colon_077_36_CT_colon_tumor.png,"(512, 512)",8112,"(582, 598, 111, 131)",8
train,colon_077_37_CT_colon_tumor.png,"(512, 512)",8444,"(580, 602, 129, 131)",8
train,colon_077_38_CT_colon_tumor.png,"(512, 512)",5500,"(602, 614, 99, 117)",5
train,colon_077_39_CT_colon_tumor.png,"(512, 512)",4768,"(618, 612, 81, 103)",4
train,colon_077_40_CT_colon_tumor.png,"(512, 512)",4316,"(622, 620, 73, 89)",4
train,colon_077_41_CT_colon_tumor.png,"(512, 512)",2416,"(642, 630, 53, 75)",2
train,colon_078_39_CT_colon_tumor.png,"(512, 512)",4904,"(696, 488, 97, 101)",4
train,colon_078_40_CT_colon_tumor.png,"(512, 512)",5908,"(706, 494, 99, 103)",5
train,colon_078_41_CT_colon_tumor.png,"(512, 512)",8084,"(702, 496, 113, 103)",7
train,colon_078_42_CT_colon_tumor.png,"(512, 512)",10160,"(698, 456, 127, 135)",10
train,colon_078_43_CT_colon_tumor.png,"(512, 512)",6604,"(722, 462, 103, 121)",6
train,colon_078_44_CT_colon_tumor.png,"(512, 512)",4756,"(742, 460, 89, 103)",4
train,colon_078_45_CT_colon_tumor.png,"(512, 512)",3212,"(738, 466, 91, 75)",3
train,colon_078_46_CT_colon_tumor.png,"(512, 512)",3040,"(730, 450, 91, 89)",2
train,colon_078_47_CT_colon_tumor.png,"(512, 512)",1756,"(746, 464, 45, 51)",1
train,colon_081_34_CT_colon_tumor.png,"(512, 512)",900,"(720, 506, 41, 55)",1
train,colon_081_35_CT_colon_tumor.png,"(512, 512)",2172,"(704, 504, 83, 49)",3
train,colon_081_36_CT_colon_tumor.png,"(512, 512)",3488,"(710, 508, 85, 71)",6
train,colon_081_37_CT_colon_tumor.png,"(512, 512)",3508,"(714, 500, 93, 89)",6
train,colon_081_38_CT_colon_tumor.png,"(512, 512)",4656,"(716, 496, 97, 89)",8
train,colon_081_39_CT_colon_tumor.png,"(512, 512)",5412,"(718, 486, 95, 101)",9
train,colon_081_40_CT_colon_tumor.png,"(512, 512)",5152,"(726, 484, 95, 105)",9
train,colon_081_41_CT_colon_tumor.png,"(512, 512)",4528,"(738, 470, 83, 97)",7
train,colon_081_42_CT_colon_tumor.png,"(512, 512)",5672,"(740, 460, 77, 109)",10
train,colon_081_43_CT_colon_tumor.png,"(512, 512)",4884,"(748, 456, 81, 97)",8
train,colon_081_44_CT_colon_tumor.png,"(512, 512)",4812,"(738, 448, 83, 91)",8
train,colon_081_45_CT_colon_tumor.png,"(512, 512)",3860,"(734, 456, 89, 77)",6
train,colon_081_46_CT_colon_tumor.png,"(512, 512)",1552,"(728, 456, 41, 61)",2
train,colon_081_47_CT_colon_tumor.png,"(512, 512)",584,"(734, 476, 29, 37)",1
train,colon_086_61_CT_colon_tumor.png,"(512, 512)",948,"(304, 680, 51, 31)",1
train,colon_086_62_CT_colon_tumor.png,"(512, 512)",1348,"(294, 672, 57, 43)",2
train,colon_086_63_CT_colon_tumor.png,"(512, 512)",1152,"(294, 678, 57, 41)",1
train,colon_086_64_CT_colon_tumor.png,"(512, 512)",1308,"(286, 684, 57, 45)",2
train,colon_086_65_CT_colon_tumor.png,"(512, 512)",3192,"(256, 648, 85, 79)",5
train,colon_086_66_CT_colon_tumor.png,"(512, 512)",5436,"(242, 628, 95, 103)",8
train,colon_086_67_CT_colon_tumor.png,"(512, 512)",6048,"(238, 622, 97, 107)",10
train,colon_086_68_CT_colon_tumor.png,"(512, 512)",4408,"(236, 618, 91, 85)",7
train,colon_086_69_CT_colon_tumor.png,"(512, 512)",3888,"(226, 610, 77, 79)",6
train,colon_086_70_CT_colon_tumor.png,"(512, 512)",5376,"(228, 600, 83, 105)",8
train,colon_086_71_CT_colon_tumor.png,"(512, 512)",5416,"(220, 600, 95, 105)",8
train,colon_086_72_CT_colon_tumor.png,"(512, 512)",3724,"(230, 616, 83, 85)",6
train,colon_086_73_CT_colon_tumor.png,"(512, 512)",1440,"(276, 642, 33, 57)",2
train,colon_088_43_CT_colon_tumor.png,"(512, 512)",316,"(738, 470, 23, 17)",1
train,colon_088_44_CT_colon_tumor.png,"(512, 512)",1320,"(728, 468, 47, 37)",4
train,colon_088_45_CT_colon_tumor.png,"(512, 512)",1880,"(718, 460, 61, 61)",6
train,colon_088_46_CT_colon_tumor.png,"(512, 512)",1856,"(720, 460, 61, 65)",6
train,colon_088_47_CT_colon_tumor.png,"(512, 512)",2548,"(710, 468, 85, 65)",8
train,colon_088_48_CT_colon_tumor.png,"(512, 512)",2992,"(716, 474, 71, 61)",10
train,colon_088_49_CT_colon_tumor.png,"(512, 512)",1856,"(716, 484, 63, 41)",6
train,colon_089_61_CT_colon_tumor.png,"(512, 512)",444,"(768, 572, 23, 27)",3
train,colon_089_62_CT_colon_tumor.png,"(512, 512)",1184,"(758, 550, 31, 59)",10
train,colon_089_63_CT_colon_tumor.png,"(512, 512)",704,"(764, 580, 25, 45)",5
train,colon_091_78_CT_colon_tumor.png,"(512, 512)",1288,"(754, 674, 59, 41)",1
train,colon_091_79_CT_colon_tumor.png,"(512, 512)",2380,"(742, 664, 81, 53)",2
train,colon_091_80_CT_colon_tumor.png,"(512, 512)",2992,"(734, 664, 97, 53)",3
train,colon_091_81_CT_colon_tumor.png,"(512, 512)",3388,"(730, 662, 101, 59)",3
train,colon_091_82_CT_colon_tumor.png,"(512, 512)",4156,"(728, 650, 105, 75)",4
train,colon_091_83_CT_colon_tumor.png,"(512, 512)",4528,"(722, 638, 117, 89)",5
train,colon_091_84_CT_colon_tumor.png,"(512, 512)",5280,"(720, 624, 125, 103)",6
train,colon_091_85_CT_colon_tumor.png,"(512, 512)",6376,"(734, 626, 113, 101)",7
train,colon_091_86_CT_colon_tumor.png,"(512, 512)",7640,"(736, 604, 115, 127)",8
train,colon_091_87_CT_colon_tumor.png,"(512, 512)",7132,"(730, 620, 127, 107)",8
train,colon_091_88_CT_colon_tumor.png,"(512, 512)",8540,"(736, 612, 125, 113)",10
train,colon_091_89_CT_colon_tumor.png,"(512, 512)",5912,"(738, 636, 117, 89)",6
train,colon_091_90_CT_colon_tumor.png,"(512, 512)",4372,"(764, 636, 65, 91)",5
train,colon_091_91_CT_colon_tumor.png,"(512, 512)",3372,"(766, 638, 49, 89)",3
train,colon_091_92_CT_colon_tumor.png,"(512, 512)",3016,"(770, 644, 55, 79)",3
train,colon_091_93_CT_colon_tumor.png,"(512, 512)",2212,"(766, 650, 55, 69)",2
train,colon_091_94_CT_colon_tumor.png,"(512, 512)",2268,"(768, 646, 63, 67)",2
train,colon_092_53_CT_colon_tumor.png,"(512, 512)",1640,"(762, 564, 45, 51)",2
train,colon_092_54_CT_colon_tumor.png,"(512, 512)",4740,"(724, 530, 87, 105)",7
train,colon_092_55_CT_colon_tumor.png,"(512, 512)",5988,"(728, 530, 79, 121)",9
train,colon_092_56_CT_colon_tumor.png,"(512, 512)",6128,"(730, 548, 81, 113)",10
train,colon_092_57_CT_colon_tumor.png,"(512, 512)",4344,"(730, 562, 85, 77)",7
train,colon_092_58_CT_colon_tumor.png,"(512, 512)",3032,"(722, 576, 85, 63)",4
train,colon_092_59_CT_colon_tumor.png,"(512, 512)",1684,"(732, 578, 67, 55)",2
train,colon_092_60_CT_colon_tumor.png,"(512, 512)",2424,"(738, 582, 57, 83)",3
train,colon_095_25_CT_colon_tumor.png,"(512, 512)",2208,"(440, 284, 49, 69)",8
train,colon_095_26_CT_colon_tumor.png,"(512, 512)",2660,"(442, 292, 59, 67)",10
train,colon_095_27_CT_colon_tumor.png,"(512, 512)",1192,"(460, 310, 43, 39)",4
train,colon_096_22_CT_colon_tumor.png,"(512, 512)",4288,"(434, 484, 89, 63)",6
train,colon_096_23_CT_colon_tumor.png,"(512, 512)",6240,"(432, 480, 103, 73)",10
train,colon_096_24_CT_colon_tumor.png,"(512, 512)",5652,"(436, 480, 97, 75)",9
train,colon_096_25_CT_colon_tumor.png,"(512, 512)",3724,"(458, 486, 77, 65)",5
train,colon_096_26_CT_colon_tumor.png,"(512, 512)",1920,"(472, 496, 51, 49)",3
train,colon_098_26_CT_colon_tumor.png,"(512, 512)",1992,"(496, 300, 57, 47)",1
train,colon_098_27_CT_colon_tumor.png,"(512, 512)",6252,"(452, 300, 109, 121)",5
train,colon_098_28_CT_colon_tumor.png,"(512, 512)",10656,"(450, 278, 121, 141)",10
train,colon_098_29_CT_colon_tumor.png,"(512, 512)",9336,"(450, 258, 111, 157)",8
train,colon_098_30_CT_colon_tumor.png,"(512, 512)",7744,"(456, 232, 109, 189)",7
train,colon_098_31_CT_colon_tumor.png,"(512, 512)",5764,"(466, 266, 103, 131)",5
train,colon_098_32_CT_colon_tumor.png,"(512, 512)",3152,"(498, 268, 67, 101)",2
train,colon_099_33_CT_colon_tumor.png,"(512, 512)",3412,"(720, 560, 77, 113)",3
train,colon_099_34_CT_colon_tumor.png,"(512, 512)",5860,"(708, 554, 135, 137)",5
train,colon_099_35_CT_colon_tumor.png,"(512, 512)",4284,"(712, 588, 135, 103)",4
train,colon_099_36_CT_colon_tumor.png,"(512, 512)",9908,"(700, 564, 137, 125)",9
train,colon_099_37_CT_colon_tumor.png,"(512, 512)",10348,"(690, 564, 139, 121)",10
train,colon_099_38_CT_colon_tumor.png,"(512, 512)",7512,"(694, 570, 113, 103)",7
train,colon_099_39_CT_colon_tumor.png,"(512, 512)",6868,"(704, 566, 109, 113)",6
train,colon_099_40_CT_colon_tumor.png,"(512, 512)",6992,"(706, 572, 113, 107)",6
train,colon_099_41_CT_colon_tumor.png,"(512, 512)",8424,"(688, 560, 139, 115)",8
train,colon_099_42_CT_colon_tumor.png,"(512, 512)",8504,"(688, 552, 131, 123)",8
train,colon_099_43_CT_colon_tumor.png,"(512, 512)",5396,"(680, 550, 131, 93)",5
train,colon_099_44_CT_colon_tumor.png,"(512, 512)",3980,"(684, 548, 125, 73)",3
train,colon_100_33_CT_colon_tumor.png,"(512, 512)",2208,"(708, 602, 87, 39)",2
train,colon_100_34_CT_colon_tumor.png,"(512, 512)",6924,"(720, 540, 89, 113)",8
train,colon_100_35_CT_colon_tumor.png,"(512, 512)",7528,"(724, 514, 91, 139)",9
train,colon_100_36_CT_colon_tumor.png,"(512, 512)",7864,"(734, 520, 95, 139)",10
train,colon_100_37_CT_colon_tumor.png,"(512, 512)",7408,"(720, 506, 103, 137)",9
train,colon_100_38_CT_colon_tumor.png,"(512, 512)",2584,"(740, 570, 55, 77)",3
train,colon_100_39_CT_colon_tumor.png,"(512, 512)",2260,"(742, 576, 65, 59)",2
train,colon_100_40_CT_colon_tumor.png,"(512, 512)",1888,"(738, 582, 63, 47)",2
train,colon_102_42_CT_colon_tumor.png,"(512, 512)",1112,"(694, 614, 39, 35)",2
train,colon_102_43_CT_colon_tumor.png,"(512, 512)",1904,"(692, 606, 67, 41)",3
train,colon_102_44_CT_colon_tumor.png,"(512, 512)",4396,"(678, 598, 89, 83)",8
train,colon_102_45_CT_colon_tumor.png,"(512, 512)",3848,"(676, 594, 89, 93)",7
train,colon_102_46_CT_colon_tumor.png,"(512, 512)",4936,"(674, 590, 115, 125)",10
train,colon_102_47_CT_colon_tumor.png,"(512, 512)",3816,"(674, 596, 119, 107)",7
train,colon_102_48_CT_colon_tumor.png,"(512, 512)",2928,"(706, 606, 89, 109)",5
train,colon_102_49_CT_colon_tumor.png,"(512, 512)",1472,"(712, 622, 57, 59)",2
train,colon_102_50_CT_colon_tumor.png,"(512, 512)",1304,"(720, 648, 37, 51)",2
train,colon_103_96_CT_colon_tumor.png,"(512, 512)",3772,"(646, 538, 71, 91)",3
train,colon_103_97_CT_colon_tumor.png,"(512, 512)",4448,"(634, 544, 83, 89)",3
train,colon_103_98_CT_colon_tumor.png,"(512, 512)",6208,"(620, 538, 95, 105)",5
train,colon_103_99_CT_colon_tumor.png,"(512, 512)",7232,"(616, 534, 97, 117)",6
train,colon_103_100_CT_colon_tumor.png,"(512, 512)",9560,"(612, 528, 103, 133)",8
train,colon_103_101_CT_colon_tumor.png,"(512, 512)",11228,"(604, 532, 107, 143)",9
train,colon_103_102_CT_colon_tumor.png,"(512, 512)",11392,"(606, 530, 105, 145)",9
train,colon_103_103_CT_colon_tumor.png,"(512, 512)",11696,"(608, 526, 99, 153)",10
train,colon_103_104_CT_colon_tumor.png,"(512, 512)",10548,"(608, 534, 95, 157)",9
train,colon_103_105_CT_colon_tumor.png,"(512, 512)",8360,"(604, 546, 93, 133)",7
train,colon_103_106_CT_colon_tumor.png,"(512, 512)",5764,"(610, 552, 85, 117)",4
train,colon_104_29_CT_colon_tumor.png,"(512, 512)",5140,"(388, 446, 81, 115)",10
train,colon_104_30_CT_colon_tumor.png,"(512, 512)",3956,"(396, 456, 75, 105)",7
train,colon_104_31_CT_colon_tumor.png,"(512, 512)",2788,"(398, 478, 71, 77)",5
train,colon_106_19_CT_colon_tumor.png,"(512, 512)",2072,"(552, 364, 53, 75)",10
train,colon_106_20_CT_colon_tumor.png,"(512, 512)",2072,"(558, 370, 63, 73)",10
train,colon_106_21_CT_colon_tumor.png,"(512, 512)",1748,"(570, 396, 63, 53)",8
train,colon_106_22_CT_colon_tumor.png,"(512, 512)",1284,"(586, 398, 53, 47)",6
train,colon_106_23_CT_colon_tumor.png,"(512, 512)",924,"(570, 402, 47, 39)",4
train,colon_107_53_CT_colon_tumor.png,"(512, 512)",1004,"(692, 470, 35, 41)",3
train,colon_107_54_CT_colon_tumor.png,"(512, 512)",1768,"(680, 466, 49, 51)",6
train,colon_107_55_CT_colon_tumor.png,"(512, 512)",2580,"(678, 454, 65, 69)",9
train,colon_107_56_CT_colon_tumor.png,"(512, 512)",2040,"(690, 448, 53, 71)",7
train,colon_107_57_CT_colon_tumor.png,"(512, 512)",2024,"(688, 446, 53, 73)",7
train,colon_107_58_CT_colon_tumor.png,"(512, 512)",2308,"(670, 448, 73, 59)",8
train,colon_107_59_CT_colon_tumor.png,"(512, 512)",2228,"(680, 448, 61, 57)",8
train,colon_107_60_CT_colon_tumor.png,"(512, 512)",2612,"(676, 452, 65, 55)",10
train,colon_107_61_CT_colon_tumor.png,"(512, 512)",1868,"(674, 460, 55, 47)",7
train,colon_107_62_CT_colon_tumor.png,"(512, 512)",504,"(674, 458, 27, 25)",1
train,colon_108_8_CT_colon_tumor.png,"(512, 512)",1320,"(200, 560, 59, 59)",2
train,colon_108_9_CT_colon_tumor.png,"(512, 512)",3616,"(178, 554, 89, 63)",6
train,colon_108_10_CT_colon_tumor.png,"(512, 512)",4564,"(172, 554, 95, 73)",8
train,colon_108_11_CT_colon_tumor.png,"(512, 512)",5376,"(170, 536, 89, 87)",10
train,colon_108_12_CT_colon_tumor.png,"(512, 512)",4328,"(166, 530, 87, 93)",8
train,colon_108_13_CT_colon_tumor.png,"(512, 512)",3064,"(178, 520, 75, 69)",5
train,colon_108_14_CT_colon_tumor.png,"(512, 512)",3152,"(178, 498, 61, 85)",5
train,colon_108_15_CT_colon_tumor.png,"(512, 512)",2860,"(170, 498, 55, 75)",5
train,colon_108_16_CT_colon_tumor.png,"(512, 512)",4016,"(170, 502, 69, 97)",7
train,colon_108_17_CT_colon_tumor.png,"(512, 512)",4780,"(168, 514, 65, 101)",8
train,colon_108_18_CT_colon_tumor.png,"(512, 512)",4680,"(162, 524, 67, 95)",8
train,colon_108_19_CT_colon_tumor.png,"(512, 512)",3252,"(162, 550, 51, 85)",6
train,colon_111_14_CT_colon_tumor.png,"(512, 512)",2756,"(608, 660, 87, 79)",3
train,colon_111_15_CT_colon_tumor.png,"(512, 512)",4900,"(604, 654, 91, 89)",6
train,colon_111_16_CT_colon_tumor.png,"(512, 512)",7272,"(594, 654, 99, 105)",9
train,colon_111_17_CT_colon_tumor.png,"(512, 512)",7436,"(584, 656, 105, 107)",10
train,colon_111_18_CT_colon_tumor.png,"(512, 512)",6872,"(590, 658, 97, 105)",9
train,colon_111_19_CT_colon_tumor.png,"(512, 512)",6704,"(588, 658, 99, 107)",9
train,colon_111_20_CT_colon_tumor.png,"(512, 512)",5148,"(564, 662, 119, 103)",6
train,colon_111_21_CT_colon_tumor.png,"(512, 512)",3160,"(578, 662, 97, 99)",4
train,colon_111_22_CT_colon_tumor.png,"(512, 512)",960,"(614, 680, 49, 47)",1
train,colon_112_53_CT_colon_tumor.png,"(512, 512)",1396,"(736, 564, 67, 55)",2
train,colon_112_54_CT_colon_tumor.png,"(512, 512)",4076,"(726, 546, 81, 99)",6
train,colon_112_55_CT_colon_tumor.png,"(512, 512)",4988,"(722, 548, 97, 101)",8
train,colon_112_56_CT_colon_tumor.png,"(512, 512)",4612,"(732, 542, 95, 91)",7
train,colon_112_57_CT_colon_tumor.png,"(512, 512)",4804,"(724, 540, 105, 97)",8
train,colon_112_58_CT_colon_tumor.png,"(512, 512)",4120,"(728, 542, 101, 93)",7
train,colon_112_59_CT_colon_tumor.png,"(512, 512)",4480,"(732, 542, 99, 91)",7
train,colon_112_60_CT_colon_tumor.png,"(512, 512)",5860,"(742, 524, 91, 107)",10
train,colon_112_61_CT_colon_tumor.png,"(512, 512)",5436,"(746, 518, 91, 101)",9
train,colon_112_62_CT_colon_tumor.png,"(512, 512)",5028,"(756, 512, 79, 97)",8
train,colon_112_63_CT_colon_tumor.png,"(512, 512)",5172,"(758, 514, 83, 95)",8
train,colon_112_64_CT_colon_tumor.png,"(512, 512)",2856,"(764, 514, 67, 83)",4
train,colon_112_65_CT_colon_tumor.png,"(512, 512)",688,"(770, 528, 21, 45)",1
train,colon_114_32_CT_colon_tumor.png,"(512, 512)",696,"(446, 468, 41, 33)",5
train,colon_114_33_CT_colon_tumor.png,"(512, 512)",992,"(436, 472, 61, 31)",7
train,colon_114_34_CT_colon_tumor.png,"(512, 512)",1080,"(432, 482, 61, 29)",7
train,colon_114_35_CT_colon_tumor.png,"(512, 512)",1352,"(430, 490, 61, 33)",9
train,colon_114_36_CT_colon_tumor.png,"(512, 512)",1372,"(430, 486, 69, 31)",10
train,colon_115_39_CT_colon_tumor.png,"(512, 512)",1144,"(618, 508, 47, 73)",2
train,colon_115_40_CT_colon_tumor.png,"(512, 512)",2416,"(610, 502, 59, 83)",5
train,colon_115_41_CT_colon_tumor.png,"(512, 512)",2876,"(604, 500, 71, 75)",6
train,colon_115_42_CT_colon_tumor.png,"(512, 512)",4400,"(594, 492, 97, 75)",10
train,colon_115_43_CT_colon_tumor.png,"(512, 512)",3724,"(598, 488, 89, 71)",8
train,colon_115_44_CT_colon_tumor.png,"(512, 512)",3064,"(612, 494, 81, 61)",6
train,colon_115_45_CT_colon_tumor.png,"(512, 512)",840,"(630, 492, 37, 33)",1
train,colon_117_26_CT_colon_tumor.png,"(512, 512)",2240,"(534, 400, 61, 107)",2
train,colon_117_27_CT_colon_tumor.png,"(512, 512)",4464,"(520, 394, 87, 141)",5
train,colon_117_28_CT_colon_tumor.png,"(512, 512)",5760,"(526, 380, 83, 149)",7
train,colon_117_29_CT_colon_tumor.png,"(512, 512)",7612,"(516, 368, 99, 151)",9
train,colon_117_30_CT_colon_tumor.png,"(512, 512)",7624,"(522, 380, 95, 147)",9
train,colon_117_31_CT_colon_tumor.png,"(512, 512)",7596,"(526, 380, 95, 145)",9
train,colon_117_32_CT_colon_tumor.png,"(512, 512)",6936,"(512, 400, 105, 121)",8
train,colon_117_33_CT_colon_tumor.png,"(512, 512)",7752,"(526, 378, 91, 143)",10
train,colon_117_34_CT_colon_tumor.png,"(512, 512)",5976,"(530, 400, 85, 119)",7
train,colon_117_35_CT_colon_tumor.png,"(512, 512)",3380,"(548, 420, 67, 85)",4
train,colon_117_36_CT_colon_tumor.png,"(512, 512)",2372,"(564, 434, 43, 71)",3
train,colon_118_42_CT_colon_tumor.png,"(512, 512)",2532,"(312, 548, 59, 75)",6
train,colon_118_43_CT_colon_tumor.png,"(512, 512)",2836,"(308, 548, 69, 69)",7
train,colon_118_44_CT_colon_tumor.png,"(512, 512)",3200,"(296, 550, 87, 71)",8
train,colon_118_45_CT_colon_tumor.png,"(512, 512)",3780,"(300, 550, 95, 59)",9
train,colon_118_46_CT_colon_tumor.png,"(512, 512)",3792,"(292, 546, 97, 65)",9
train,colon_118_47_CT_colon_tumor.png,"(512, 512)",3968,"(300, 550, 85, 69)",10
train,colon_118_48_CT_colon_tumor.png,"(512, 512)",3536,"(292, 554, 85, 65)",8
train,colon_118_49_CT_colon_tumor.png,"(512, 512)",2156,"(302, 568, 67, 53)",5
train,colon_118_50_CT_colon_tumor.png,"(512, 512)",1136,"(312, 572, 45, 45)",2
train,colon_118_51_CT_colon_tumor.png,"(512, 512)",992,"(312, 560, 37, 49)",2
train,colon_119_52_CT_colon_tumor.png,"(512, 512)",7416,"(760, 442, 101, 109)",6
train,colon_119_53_CT_colon_tumor.png,"(512, 512)",9668,"(752, 426, 113, 127)",8
train,colon_119_54_CT_colon_tumor.png,"(512, 512)",8916,"(750, 426, 105, 125)",7
train,colon_119_55_CT_colon_tumor.png,"(512, 512)",7616,"(754, 424, 83, 123)",6
train,colon_119_56_CT_colon_tumor.png,"(512, 512)",6704,"(756, 424, 83, 121)",5
train,colon_119_57_CT_colon_tumor.png,"(512, 512)",6868,"(760, 452, 113, 93)",6
train,colon_119_58_CT_colon_tumor.png,"(512, 512)",8200,"(762, 446, 113, 101)",7
train,colon_119_59_CT_colon_tumor.png,"(512, 512)",10544,"(766, 422, 113, 135)",9
train,colon_119_60_CT_colon_tumor.png,"(512, 512)",11236,"(766, 418, 113, 147)",10
train,colon_119_61_CT_colon_tumor.png,"(512, 512)",9144,"(776, 424, 97, 137)",8
train,colon_120_58_CT_colon_tumor.png,"(512, 512)",1196,"(678, 448, 45, 41)",2
train,colon_120_59_CT_colon_tumor.png,"(512, 512)",4648,"(678, 424, 107, 71)",10
train,colon_120_60_CT_colon_tumor.png,"(512, 512)",3392,"(682, 432, 89, 51)",7
train,colon_120_61_CT_colon_tumor.png,"(512, 512)",3300,"(678, 430, 89, 51)",7
train,colon_122_20_CT_colon_tumor.png,"(512, 512)",3220,"(534, 488, 69, 123)",6
train,colon_122_21_CT_colon_tumor.png,"(512, 512)",3452,"(526, 500, 83, 117)",6
train,colon_122_22_CT_colon_tumor.png,"(512, 512)",4416,"(520, 522, 111, 105)",8
train,colon_122_23_CT_colon_tumor.png,"(512, 512)",4944,"(516, 522, 113, 115)",10
train,colon_122_24_CT_colon_tumor.png,"(512, 512)",4940,"(518, 528, 103, 115)",9
train,colon_122_25_CT_colon_tumor.png,"(512, 512)",3804,"(518, 544, 97, 83)",7
train,colon_122_26_CT_colon_tumor.png,"(512, 512)",3532,"(514, 552, 105, 73)",7
train,colon_122_27_CT_colon_tumor.png,"(512, 512)",2544,"(518, 552, 99, 67)",5
train,colon_122_28_CT_colon_tumor.png,"(512, 512)",1676,"(518, 556, 97, 55)",3
train,colon_124_53_CT_colon_tumor.png,"(512, 512)",1352,"(710, 634, 53, 33)",2
train,colon_124_54_CT_colon_tumor.png,"(512, 512)",3256,"(708, 618, 81, 63)",5
train,colon_124_55_CT_colon_tumor.png,"(512, 512)",4188,"(706, 622, 91, 65)",7
train,colon_124_56_CT_colon_tumor.png,"(512, 512)",5612,"(690, 614, 119, 77)",10
train,colon_124_57_CT_colon_tumor.png,"(512, 512)",4044,"(690, 618, 117, 73)",7
train,colon_124_58_CT_colon_tumor.png,"(512, 512)",3816,"(690, 636, 123, 57)",6
train,colon_124_59_CT_colon_tumor.png,"(512, 512)",3348,"(696, 636, 121, 57)",5
train,colon_124_60_CT_colon_tumor.png,"(512, 512)",4776,"(690, 610, 123, 85)",8
train,colon_124_61_CT_colon_tumor.png,"(512, 512)",4640,"(698, 602, 117, 95)",8
train,colon_124_62_CT_colon_tumor.png,"(512, 512)",4248,"(700, 622, 117, 73)",7
train,colon_124_63_CT_colon_tumor.png,"(512, 512)",3636,"(704, 626, 97, 65)",6
train,colon_124_64_CT_colon_tumor.png,"(512, 512)",4544,"(688, 606, 111, 81)",8
train,colon_124_65_CT_colon_tumor.png,"(512, 512)",1928,"(742, 626, 39, 61)",3
train,colon_124_66_CT_colon_tumor.png,"(512, 512)",1756,"(744, 624, 39, 61)",3
train,colon_124_67_CT_colon_tumor.png,"(512, 512)",684,"(748, 636, 29, 31)",1
train,colon_126_41_CT_colon_tumor.png,"(512, 512)",4272,"(686, 480, 61, 105)",3
train,colon_126_42_CT_colon_tumor.png,"(512, 512)",10788,"(652, 476, 113, 149)",8
train,colon_126_43_CT_colon_tumor.png,"(512, 512)",12208,"(646, 460, 123, 159)",10
train,colon_126_44_CT_colon_tumor.png,"(512, 512)",9656,"(650, 478, 111, 137)",7
train,colon_126_45_CT_colon_tumor.png,"(512, 512)",7232,"(656, 478, 101, 125)",5
train,colon_126_46_CT_colon_tumor.png,"(512, 512)",3752,"(682, 486, 55, 91)",3
train,colon_126_47_CT_colon_tumor.png,"(512, 512)",2020,"(686, 498, 41, 63)",1
train,colon_127_36_CT_colon_tumor.png,"(512, 512)",2452,"(592, 500, 95, 53)",1
train,colon_127_37_CT_colon_tumor.png,"(512, 512)",4024,"(574, 488, 109, 59)",2
train,colon_127_38_CT_colon_tumor.png,"(512, 512)",4856,"(570, 486, 121, 59)",3
train,colon_127_39_CT_colon_tumor.png,"(512, 512)",6636,"(570, 488, 123, 77)",4
train,colon_127_40_CT_colon_tumor.png,"(512, 512)",7584,"(572, 486, 125, 81)",4
train,colon_127_41_CT_colon_tumor.png,"(512, 512)",9864,"(562, 488, 113, 115)",6
train,colon_127_42_CT_colon_tumor.png,"(512, 512)",6888,"(584, 496, 87, 103)",4
train,colon_127_43_CT_colon_tumor.png,"(512, 512)",7352,"(586, 494, 89, 103)",4
train,colon_127_44_CT_colon_tumor.png,"(512, 512)",8372,"(578, 488, 105, 103)",5
train,colon_127_45_CT_colon_tumor.png,"(512, 512)",7176,"(592, 482, 85, 113)",4
train,colon_127_46_CT_colon_tumor.png,"(512, 512)",6756,"(588, 480, 91, 105)",4
train,colon_127_47_CT_colon_tumor.png,"(512, 512)",8492,"(574, 480, 107, 115)",5
train,colon_127_48_CT_colon_tumor.png,"(512, 512)",7440,"(584, 488, 99, 101)",4
train,colon_127_49_CT_colon_tumor.png,"(512, 512)",8472,"(574, 480, 109, 111)",5
train,colon_127_50_CT_colon_tumor.png,"(512, 512)",7948,"(574, 486, 111, 103)",5
train,colon_127_51_CT_colon_tumor.png,"(512, 512)",11412,"(582, 486, 147, 103)",7
train,colon_127_52_CT_colon_tumor.png,"(512, 512)",13764,"(570, 478, 163, 117)",8
train,colon_127_53_CT_colon_tumor.png,"(512, 512)",15784,"(566, 472, 175, 127)",10
train,colon_127_54_CT_colon_tumor.png,"(512, 512)",13664,"(608, 470, 135, 133)",8
train,colon_127_55_CT_colon_tumor.png,"(512, 512)",14904,"(614, 466, 143, 141)",9
train,colon_127_56_CT_colon_tumor.png,"(512, 512)",15296,"(612, 460, 145, 145)",9
train,colon_127_57_CT_colon_tumor.png,"(512, 512)",15132,"(616, 456, 151, 145)",9
train,colon_127_58_CT_colon_tumor.png,"(512, 512)",13248,"(634, 454, 137, 145)",8
train,colon_127_59_CT_colon_tumor.png,"(512, 512)",5392,"(636, 496, 97, 103)",3
train,colon_127_60_CT_colon_tumor.png,"(512, 512)",4996,"(644, 500, 87, 87)",3
train,colon_129_22_CT_colon_tumor.png,"(512, 512)",6956,"(556, 612, 115, 87)",1
train,colon_129_23_CT_colon_tumor.png,"(512, 512)",12200,"(538, 596, 147, 113)",3
train,colon_129_24_CT_colon_tumor.png,"(512, 512)",16432,"(532, 582, 169, 133)",4
train,colon_129_25_CT_colon_tumor.png,"(512, 512)",22404,"(332, 350, 375, 367)",6
train,colon_129_26_CT_colon_tumor.png,"(512, 512)",26996,"(502, 544, 211, 177)",7
train,colon_129_27_CT_colon_tumor.png,"(512, 512)",34244,"(476, 530, 257, 197)",9
train,colon_129_28_CT_colon_tumor.png,"(512, 512)",34912,"(464, 482, 277, 241)",9
train,colon_129_29_CT_colon_tumor.png,"(512, 512)",33588,"(466, 510, 281, 223)",9
train,colon_129_30_CT_colon_tumor.png,"(512, 512)",35548,"(464, 498, 291, 237)",9
train,colon_129_31_CT_colon_tumor.png,"(512, 512)",35504,"(466, 500, 289, 239)",9
train,colon_129_32_CT_colon_tumor.png,"(512, 512)",32288,"(468, 488, 289, 249)",9
train,colon_129_33_CT_colon_tumor.png,"(512, 512)",33784,"(476, 484, 279, 251)",9
train,colon_129_34_CT_colon_tumor.png,"(512, 512)",33988,"(486, 480, 259, 249)",9
train,colon_129_35_CT_colon_tumor.png,"(512, 512)",35796,"(482, 476, 255, 253)",10
train,colon_129_36_CT_colon_tumor.png,"(512, 512)",32372,"(482, 482, 245, 231)",9
train,colon_129_37_CT_colon_tumor.png,"(512, 512)",28780,"(480, 498, 245, 209)",8
train,colon_129_38_CT_colon_tumor.png,"(512, 512)",28868,"(482, 502, 231, 197)",8
train,colon_129_39_CT_colon_tumor.png,"(512, 512)",21876,"(484, 500, 159, 197)",6
train,colon_129_40_CT_colon_tumor.png,"(512, 512)",17908,"(496, 514, 141, 171)",5
train,colon_129_41_CT_colon_tumor.png,"(512, 512)",15464,"(510, 514, 133, 171)",4
train,colon_129_42_CT_colon_tumor.png,"(512, 512)",12156,"(518, 524, 117, 151)",3
train,colon_129_43_CT_colon_tumor.png,"(512, 512)",14416,"(510, 532, 133, 159)",4
train,colon_129_44_CT_colon_tumor.png,"(512, 512)",9884,"(526, 534, 105, 141)",2
train,colon_129_45_CT_colon_tumor.png,"(512, 512)",6904,"(526, 542, 99, 97)",1
train,colon_129_46_CT_colon_tumor.png,"(512, 512)",4496,"(534, 548, 81, 81)",1
train,colon_131_37_CT_colon_tumor.png,"(512, 512)",3680,"(774, 552, 105, 71)",2
train,colon_131_38_CT_colon_tumor.png,"(512, 512)",9408,"(758, 506, 123, 153)",5
train,colon_131_39_CT_colon_tumor.png,"(512, 512)",14928,"(730, 500, 151, 147)",8
train,colon_131_40_CT_colon_tumor.png,"(512, 512)",15248,"(726, 498, 155, 151)",8
train,colon_131_41_CT_colon_tumor.png,"(512, 512)",17200,"(726, 490, 157, 159)",10
train,colon_131_42_CT_colon_tumor.png,"(512, 512)",15972,"(730, 496, 155, 147)",9
train,colon_131_43_CT_colon_tumor.png,"(512, 512)",14884,"(736, 490, 147, 155)",8
train,colon_131_44_CT_colon_tumor.png,"(512, 512)",12348,"(748, 494, 133, 147)",7
train,colon_131_45_CT_colon_tumor.png,"(512, 512)",9576,"(752, 496, 117, 141)",5
train,colon_131_46_CT_colon_tumor.png,"(512, 512)",4080,"(792, 504, 71, 121)",2
train,colon_133_33_CT_colon_tumor.png,"(512, 512)",2888,"(462, 544, 83, 55)",6
train,colon_133_34_CT_colon_tumor.png,"(512, 512)",3796,"(462, 530, 81, 71)",8
train,colon_133_35_CT_colon_tumor.png,"(512, 512)",4008,"(454, 516, 85, 89)",9
train,colon_133_36_CT_colon_tumor.png,"(512, 512)",4372,"(440, 504, 99, 99)",10
train,colon_133_37_CT_colon_tumor.png,"(512, 512)",3928,"(444, 514, 111, 83)",8
train,colon_133_38_CT_colon_tumor.png,"(512, 512)",2572,"(476, 524, 73, 65)",5
train,colon_133_39_CT_colon_tumor.png,"(512, 512)",824,"(516, 536, 29, 41)",1
train,colon_134_70_CT_colon_tumor.png,"(512, 512)",3820,"(668, 476, 77, 89)",5
train,colon_134_71_CT_colon_tumor.png,"(512, 512)",6432,"(652, 478, 97, 103)",10
train,colon_136_63_CT_colon_tumor.png,"(512, 512)",3420,"(224, 534, 69, 65)",3
train,colon_136_64_CT_colon_tumor.png,"(512, 512)",3892,"(228, 532, 89, 63)",3
train,colon_136_65_CT_colon_tumor.png,"(512, 512)",5140,"(214, 530, 101, 73)",5
train,colon_136_66_CT_colon_tumor.png,"(512, 512)",6692,"(214, 528, 105, 101)",6
train,colon_136_67_CT_colon_tumor.png,"(512, 512)",6884,"(210, 532, 109, 97)",6
train,colon_136_68_CT_colon_tumor.png,"(512, 512)",7948,"(208, 532, 115, 107)",7
train,colon_136_69_CT_colon_tumor.png,"(512, 512)",9756,"(204, 536, 119, 113)",9
train,colon_136_70_CT_colon_tumor.png,"(512, 512)",9968,"(202, 536, 119, 117)",10
train,colon_136_71_CT_colon_tumor.png,"(512, 512)",7812,"(206, 548, 101, 109)",7
train,colon_136_72_CT_colon_tumor.png,"(512, 512)",1456,"(214, 558, 29, 73)",1
train,colon_137_26_CT_colon_tumor.png,"(512, 512)",2468,"(448, 632, 89, 81)",2
train,colon_137_27_CT_colon_tumor.png,"(512, 512)",3476,"(434, 586, 121, 133)",3
train,colon_137_28_CT_colon_tumor.png,"(512, 512)",6252,"(410, 588, 139, 139)",5
train,colon_137_29_CT_colon_tumor.png,"(512, 512)",8580,"(396, 590, 177, 137)",7
train,colon_137_30_CT_colon_tumor.png,"(512, 512)",9784,"(392, 612, 181, 113)",9
train,colon_137_31_CT_colon_tumor.png,"(512, 512)",10792,"(390, 630, 177, 89)",10
train,colon_137_32_CT_colon_tumor.png,"(512, 512)",9932,"(394, 624, 157, 93)",9
train,colon_137_33_CT_colon_tumor.png,"(512, 512)",9972,"(394, 620, 131, 101)",9
train,colon_137_34_CT_colon_tumor.png,"(512, 512)",6108,"(398, 612, 97, 105)",5
train,colon_137_35_CT_colon_tumor.png,"(512, 512)",1132,"(418, 614, 63, 73)",1
train,colon_138_17_CT_colon_tumor.png,"(512, 512)",5960,"(432, 406, 101, 87)",4
train,colon_138_18_CT_colon_tumor.png,"(512, 512)",11704,"(420, 394, 139, 129)",8
train,colon_138_19_CT_colon_tumor.png,"(512, 512)",14028,"(422, 368, 139, 167)",10
train,colon_138_20_CT_colon_tumor.png,"(512, 512)",11316,"(422, 410, 139, 135)",8
train,colon_138_21_CT_colon_tumor.png,"(512, 512)",11068,"(430, 406, 117, 137)",7
train,colon_138_22_CT_colon_tumor.png,"(512, 512)",9796,"(438, 396, 99, 137)",6
train,colon_138_23_CT_colon_tumor.png,"(512, 512)",2348,"(446, 396, 59, 49)",1
train,colon_139_80_CT_colon_tumor.png,"(512, 512)",780,"(550, 632, 45, 25)",1
train,colon_139_81_CT_colon_tumor.png,"(512, 512)",2380,"(540, 622, 67, 57)",4
train,colon_139_82_CT_colon_tumor.png,"(512, 512)",3352,"(540, 610, 71, 71)",6
train,colon_139_83_CT_colon_tumor.png,"(512, 512)",5072,"(520, 600, 103, 87)",9
train,colon_139_84_CT_colon_tumor.png,"(512, 512)",5152,"(520, 590, 95, 107)",9
train,colon_139_85_CT_colon_tumor.png,"(512, 512)",4700,"(524, 586, 95, 103)",8
train,colon_139_86_CT_colon_tumor.png,"(512, 512)",4720,"(526, 580, 95, 109)",8
train,colon_139_87_CT_colon_tumor.png,"(512, 512)",5264,"(530, 578, 99, 107)",10
train,colon_139_88_CT_colon_tumor.png,"(512, 512)",5048,"(528, 580, 101, 111)",9
train,colon_139_89_CT_colon_tumor.png,"(512, 512)",4048,"(534, 588, 93, 91)",7
train,colon_139_90_CT_colon_tumor.png,"(512, 512)",2096,"(568, 594, 55, 61)",3
train,colon_139_91_CT_colon_tumor.png,"(512, 512)",1604,"(572, 600, 39, 59)",3
train,colon_139_92_CT_colon_tumor.png,"(512, 512)",680,"(580, 606, 21, 45)",1
train,colon_140_34_CT_colon_tumor.png,"(512, 512)",5824,"(394, 608, 133, 69)",3
train,colon_140_35_CT_colon_tumor.png,"(512, 512)",8628,"(364, 584, 171, 89)",5
train,colon_140_36_CT_colon_tumor.png,"(512, 512)",15872,"(354, 558, 203, 127)",9
train,colon_140_37_CT_colon_tumor.png,"(512, 512)",14376,"(330, 558, 221, 119)",8
train,colon_140_38_CT_colon_tumor.png,"(512, 512)",16324,"(332, 558, 217, 119)",10
train,colon_140_39_CT_colon_tumor.png,"(512, 512)",12444,"(322, 552, 191, 135)",7
train,colon_140_40_CT_colon_tumor.png,"(512, 512)",11876,"(380, 538, 209, 139)",7
train,colon_140_41_CT_colon_tumor.png,"(512, 512)",13380,"(386, 526, 205, 151)",8
train,colon_140_42_CT_colon_tumor.png,"(512, 512)",15212,"(378, 522, 217, 155)",9
train,colon_140_43_CT_colon_tumor.png,"(512, 512)",15468,"(378, 542, 221, 125)",9
train,colon_140_44_CT_colon_tumor.png,"(512, 512)",14748,"(380, 546, 213, 129)",9
train,colon_140_45_CT_colon_tumor.png,"(512, 512)",12776,"(372, 540, 223, 127)",7
train,colon_140_46_CT_colon_tumor.png,"(512, 512)",11084,"(380, 544, 219, 121)",6
train,colon_140_47_CT_colon_tumor.png,"(512, 512)",9600,"(384, 532, 217, 133)",5
train,colon_140_48_CT_colon_tumor.png,"(512, 512)",4148,"(508, 570, 67, 97)",2
train,colon_141_78_CT_colon_tumor.png,"(512, 512)",2556,"(314, 502, 91, 63)",2
train,colon_141_79_CT_colon_tumor.png,"(512, 512)",4060,"(302, 500, 119, 77)",3
train,colon_141_80_CT_colon_tumor.png,"(512, 512)",4956,"(304, 474, 111, 107)",4
train,colon_141_81_CT_colon_tumor.png,"(512, 512)",10212,"(290, 456, 129, 127)",10
train,colon_141_82_CT_colon_tumor.png,"(512, 512)",9372,"(274, 452, 125, 123)",9
train,colon_141_83_CT_colon_tumor.png,"(512, 512)",6612,"(282, 448, 103, 109)",6
train,colon_141_84_CT_colon_tumor.png,"(512, 512)",2860,"(306, 456, 59, 101)",2
train,colon_141_85_CT_colon_tumor.png,"(512, 512)",2296,"(318, 460, 43, 97)",2
train,colon_142_57_CT_colon_tumor.png,"(512, 512)",1940,"(758, 470, 37, 75)",2
train,colon_142_58_CT_colon_tumor.png,"(512, 512)",2616,"(754, 466, 43, 91)",3
train,colon_142_59_CT_colon_tumor.png,"(512, 512)",7020,"(760, 466, 103, 113)",10
train,colon_142_60_CT_colon_tumor.png,"(512, 512)",6264,"(754, 464, 101, 105)",8
train,colon_142_61_CT_colon_tumor.png,"(512, 512)",3872,"(744, 480, 89, 79)",5
train,colon_142_62_CT_colon_tumor.png,"(512, 512)",4548,"(742, 482, 85, 91)",6
train,colon_142_63_CT_colon_tumor.png,"(512, 512)",5004,"(746, 490, 93, 91)",7
train,colon_142_64_CT_colon_tumor.png,"(512, 512)",5464,"(754, 486, 83, 109)",7
train,colon_142_65_CT_colon_tumor.png,"(512, 512)",6132,"(750, 482, 99, 101)",8
train,colon_142_66_CT_colon_tumor.png,"(512, 512)",6276,"(734, 470, 113, 97)",8
train,colon_142_67_CT_colon_tumor.png,"(512, 512)",2900,"(734, 472, 81, 59)",4
train,colon_142_68_CT_colon_tumor.png,"(512, 512)",1164,"(736, 472, 55, 53)",1
train,colon_143_34_CT_colon_tumor.png,"(512, 512)",2704,"(668, 520, 67, 63)",2
train,colon_143_35_CT_colon_tumor.png,"(512, 512)",3164,"(658, 516, 83, 71)",2
train,colon_143_36_CT_colon_tumor.png,"(512, 512)",4528,"(650, 516, 97, 95)",4
train,colon_143_37_CT_colon_tumor.png,"(512, 512)",7972,"(644, 504, 111, 135)",7
train,colon_143_38_CT_colon_tumor.png,"(512, 512)",10640,"(638, 498, 125, 149)",10
train,colon_143_39_CT_colon_tumor.png,"(512, 512)",9992,"(638, 492, 123, 155)",9
train,colon_143_40_CT_colon_tumor.png,"(512, 512)",8956,"(632, 498, 135, 153)",8
train,colon_143_41_CT_colon_tumor.png,"(512, 512)",7344,"(640, 514, 127, 139)",6
train,colon_143_42_CT_colon_tumor.png,"(512, 512)",7800,"(648, 512, 125, 141)",7
train,colon_143_43_CT_colon_tumor.png,"(512, 512)",5908,"(672, 512, 115, 117)",5
train,colon_143_44_CT_colon_tumor.png,"(512, 512)",6516,"(674, 490, 117, 113)",6
train,colon_143_45_CT_colon_tumor.png,"(512, 512)",6080,"(714, 490, 83, 103)",5
train,colon_143_46_CT_colon_tumor.png,"(512, 512)",5304,"(712, 488, 85, 89)",4
train,colon_143_47_CT_colon_tumor.png,"(512, 512)",5304,"(718, 492, 89, 87)",4
train,colon_143_48_CT_colon_tumor.png,"(512, 512)",4656,"(726, 502, 99, 71)",4
train,colon_144_53_CT_colon_tumor.png,"(512, 512)",1040,"(538, 620, 35, 37)",5
train,colon_144_54_CT_colon_tumor.png,"(512, 512)",1668,"(540, 604, 39, 57)",9
train,colon_144_55_CT_colon_tumor.png,"(512, 512)",1804,"(534, 606, 41, 67)",10
train,colon_144_56_CT_colon_tumor.png,"(512, 512)",1516,"(534, 616, 37, 57)",8
train,colon_144_57_CT_colon_tumor.png,"(512, 512)",1580,"(530, 616, 31, 59)",8
train,colon_144_58_CT_colon_tumor.png,"(512, 512)",936,"(534, 618, 27, 45)",5
train,colon_145_3_CT_colon_tumor.png,"(512, 512)",4216,"(648, 486, 83, 69)",8
train,colon_145_4_CT_colon_tumor.png,"(512, 512)",4904,"(642, 482, 99, 73)",9
train,colon_145_5_CT_colon_tumor.png,"(512, 512)",5040,"(644, 480, 103, 93)",9
train,colon_145_6_CT_colon_tumor.png,"(512, 512)",4632,"(652, 480, 95, 97)",8
train,colon_145_7_CT_colon_tumor.png,"(512, 512)",4744,"(658, 482, 105, 99)",9
train,colon_145_8_CT_colon_tumor.png,"(512, 512)",5208,"(638, 478, 117, 99)",10
train,colon_145_9_CT_colon_tumor.png,"(512, 512)",4676,"(632, 484, 101, 97)",8
train,colon_145_10_CT_colon_tumor.png,"(512, 512)",2892,"(644, 510, 87, 65)",5
train,colon_145_11_CT_colon_tumor.png,"(512, 512)",880,"(686, 526, 27, 37)",1
train,colon_148_43_CT_colon_tumor.png,"(512, 512)",5076,"(624, 544, 115, 83)",3
train,colon_148_44_CT_colon_tumor.png,"(512, 512)",12600,"(600, 520, 155, 159)",9
train,colon_148_45_CT_colon_tumor.png,"(512, 512)",12348,"(586, 526, 155, 157)",9
train,colon_148_46_CT_colon_tumor.png,"(512, 512)",12064,"(578, 534, 161, 137)",9
train,colon_148_47_CT_colon_tumor.png,"(512, 512)",13016,"(576, 520, 167, 163)",10
train,colon_148_48_CT_colon_tumor.png,"(512, 512)",11952,"(570, 528, 153, 145)",9
train,colon_148_49_CT_colon_tumor.png,"(512, 512)",11652,"(574, 528, 139, 161)",8
train,colon_148_50_CT_colon_tumor.png,"(512, 512)",11068,"(566, 526, 139, 159)",8
train,colon_148_51_CT_colon_tumor.png,"(512, 512)",10856,"(564, 538, 137, 131)",8
train,colon_148_52_CT_colon_tumor.png,"(512, 512)",6644,"(570, 554, 113, 109)",5
train,colon_148_53_CT_colon_tumor.png,"(512, 512)",4232,"(568, 578, 83, 83)",3
train,colon_149_40_CT_colon_tumor.png,"(512, 512)",964,"(722, 488, 35, 47)",1
train,colon_149_41_CT_colon_tumor.png,"(512, 512)",3056,"(726, 470, 47, 87)",3
train,colon_149_42_CT_colon_tumor.png,"(512, 512)",5204,"(728, 468, 81, 103)",6
train,colon_149_43_CT_colon_tumor.png,"(512, 512)",6188,"(724, 466, 87, 105)",7
train,colon_149_44_CT_colon_tumor.png,"(512, 512)",8196,"(714, 462, 95, 117)",10
train,colon_149_45_CT_colon_tumor.png,"(512, 512)",7768,"(724, 460, 101, 137)",9
train,colon_149_46_CT_colon_tumor.png,"(512, 512)",7244,"(718, 454, 103, 145)",8
train,colon_149_47_CT_colon_tumor.png,"(512, 512)",7580,"(738, 466, 85, 133)",9
train,colon_149_48_CT_colon_tumor.png,"(512, 512)",7376,"(740, 474, 79, 127)",8
train,colon_149_49_CT_colon_tumor.png,"(512, 512)",6448,"(744, 480, 75, 115)",7
train,colon_149_50_CT_colon_tumor.png,"(512, 512)",4624,"(754, 486, 61, 105)",5
train,colon_149_51_CT_colon_tumor.png,"(512, 512)",1712,"(760, 516, 37, 67)",2
train,colon_154_30_CT_colon_tumor.png,"(512, 512)",852,"(484, 318, 41, 57)",5
train,colon_154_31_CT_colon_tumor.png,"(512, 512)",1324,"(480, 308, 63, 75)",8
train,colon_154_32_CT_colon_tumor.png,"(512, 512)",1412,"(480, 312, 49, 69)",8
train,colon_154_33_CT_colon_tumor.png,"(512, 512)",1476,"(468, 318, 61, 65)",9
train,colon_154_34_CT_colon_tumor.png,"(512, 512)",1420,"(464, 332, 69, 45)",8
train,colon_154_35_CT_colon_tumor.png,"(512, 512)",1620,"(468, 342, 61, 37)",10
train,colon_154_36_CT_colon_tumor.png,"(512, 512)",556,"(466, 362, 59, 27)",3
train,colon_155_7_CT_colon_tumor.png,"(512, 512)",932,"(456, 250, 41, 35)",1
train,colon_155_8_CT_colon_tumor.png,"(512, 512)",1928,"(448, 238, 57, 57)",3
train,colon_155_9_CT_colon_tumor.png,"(512, 512)",2172,"(452, 206, 63, 81)",3
train,colon_155_10_CT_colon_tumor.png,"(512, 512)",2348,"(454, 208, 59, 69)",3
train,colon_155_11_CT_colon_tumor.png,"(512, 512)",2264,"(438, 206, 79, 67)",3
train,colon_155_12_CT_colon_tumor.png,"(512, 512)",2568,"(432, 202, 87, 69)",4
train,colon_155_13_CT_colon_tumor.png,"(512, 512)",2932,"(434, 206, 89, 65)",4
train,colon_155_14_CT_colon_tumor.png,"(512, 512)",4516,"(438, 206, 103, 115)",7
train,colon_155_15_CT_colon_tumor.png,"(512, 512)",6068,"(442, 212, 105, 109)",10
train,colon_155_16_CT_colon_tumor.png,"(512, 512)",5812,"(456, 214, 91, 101)",9
train,colon_155_17_CT_colon_tumor.png,"(512, 512)",3904,"(456, 230, 87, 71)",6
train,colon_157_3_CT_colon_tumor.png,"(512, 512)",4360,"(450, 582, 127, 81)",3
train,colon_157_4_CT_colon_tumor.png,"(512, 512)",8272,"(446, 570, 139, 107)",6
train,colon_157_5_CT_colon_tumor.png,"(512, 512)",9592,"(412, 568, 165, 113)",8
train,colon_157_6_CT_colon_tumor.png,"(512, 512)",11776,"(378, 570, 211, 115)",9
train,colon_157_7_CT_colon_tumor.png,"(512, 512)",11960,"(408, 566, 177, 121)",10
train,colon_157_8_CT_colon_tumor.png,"(512, 512)",11384,"(410, 568, 175, 117)",9
train,colon_157_9_CT_colon_tumor.png,"(512, 512)",9660,"(408, 566, 169, 119)",8
train,colon_157_10_CT_colon_tumor.png,"(512, 512)",7780,"(414, 566, 161, 119)",6
train,colon_157_11_CT_colon_tumor.png,"(512, 512)",7324,"(472, 572, 113, 107)",6
train,colon_157_12_CT_colon_tumor.png,"(512, 512)",5212,"(478, 586, 79, 89)",4
train,colon_159_59_CT_colon_tumor.png,"(512, 512)",4240,"(526, 556, 67, 93)",2
train,colon_159_60_CT_colon_tumor.png,"(512, 512)",12992,"(420, 562, 203, 107)",8
train,colon_159_61_CT_colon_tumor.png,"(512, 512)",14852,"(386, 552, 201, 123)",10
train,colon_159_62_CT_colon_tumor.png,"(512, 512)",10540,"(426, 556, 163, 123)",7
train,colon_159_63_CT_colon_tumor.png,"(512, 512)",12760,"(424, 560, 171, 119)",8
train,colon_159_64_CT_colon_tumor.png,"(512, 512)",10404,"(426, 562, 125, 117)",7
train,colon_159_65_CT_colon_tumor.png,"(512, 512)",6408,"(442, 580, 109, 89)",4
train,colon_159_66_CT_colon_tumor.png,"(512, 512)",3644,"(488, 584, 65, 77)",2
train,colon_161_23_CT_colon_tumor.png,"(512, 512)",1276,"(444, 432, 43, 71)",1
train,colon_161_24_CT_colon_tumor.png,"(512, 512)",2504,"(444, 426, 73, 87)",3
train,colon_161_25_CT_colon_tumor.png,"(512, 512)",3144,"(446, 422, 81, 97)",4
train,colon_161_26_CT_colon_tumor.png,"(512, 512)",3448,"(434, 426, 97, 97)",4
train,colon_161_27_CT_colon_tumor.png,"(512, 512)",7708,"(342, 436, 191, 99)",10
train,colon_161_28_CT_colon_tumor.png,"(512, 512)",7304,"(314, 442, 211, 105)",9
train,colon_161_29_CT_colon_tumor.png,"(512, 512)",6020,"(310, 464, 185, 85)",7
train,colon_161_30_CT_colon_tumor.png,"(512, 512)",6864,"(312, 474, 183, 77)",8
train,colon_161_31_CT_colon_tumor.png,"(512, 512)",5028,"(308, 484, 117, 67)",6
train,colon_161_32_CT_colon_tumor.png,"(512, 512)",3600,"(298, 478, 75, 75)",4
train,colon_162_28_CT_colon_tumor.png,"(512, 512)",752,"(492, 334, 33, 49)",2
train,colon_162_29_CT_colon_tumor.png,"(512, 512)",1052,"(490, 350, 39, 55)",3
train,colon_162_30_CT_colon_tumor.png,"(512, 512)",2740,"(494, 324, 53, 101)",10
train,colon_162_31_CT_colon_tumor.png,"(512, 512)",2196,"(508, 348, 39, 103)",8
train,colon_163_53_CT_colon_tumor.png,"(512, 512)",1100,"(644, 746, 61, 51)",3
train,colon_163_54_CT_colon_tumor.png,"(512, 512)",1300,"(644, 740, 67, 63)",4
train,colon_163_55_CT_colon_tumor.png,"(512, 512)",2772,"(642, 736, 75, 73)",9
train,colon_163_56_CT_colon_tumor.png,"(512, 512)",2804,"(640, 722, 75, 75)",10
train,colon_163_57_CT_colon_tumor.png,"(512, 512)",2468,"(634, 726, 83, 85)",8
train,colon_163_58_CT_colon_tumor.png,"(512, 512)",624,"(672, 722, 39, 47)",2
train,colon_163_59_CT_colon_tumor.png,"(512, 512)",636,"(668, 716, 45, 25)",2
train,colon_164_61_CT_colon_tumor.png,"(512, 512)",1548,"(284, 572, 43, 79)",4
train,colon_164_62_CT_colon_tumor.png,"(512, 512)",2580,"(254, 572, 89, 95)",8
train,colon_164_63_CT_colon_tumor.png,"(512, 512)",3216,"(260, 566, 93, 83)",10
train,colon_164_64_CT_colon_tumor.png,"(512, 512)",1908,"(258, 564, 65, 91)",5
train,colon_164_65_CT_colon_tumor.png,"(512, 512)",2440,"(270, 564, 51, 89)",7
train,colon_164_66_CT_colon_tumor.png,"(512, 512)",1952,"(290, 572, 37, 93)",6
train,colon_164_67_CT_colon_tumor.png,"(512, 512)",680,"(304, 620, 29, 47)",2
train,colon_165_77_CT_colon_tumor.png,"(512, 512)",548,"(438, 666, 33, 33)",3
train,colon_165_78_CT_colon_tumor.png,"(512, 512)",576,"(440, 666, 37, 31)",3
train,colon_165_79_CT_colon_tumor.png,"(512, 512)",816,"(424, 664, 55, 39)",4
train,colon_165_80_CT_colon_tumor.png,"(512, 512)",1492,"(400, 652, 77, 55)",8
train,colon_165_81_CT_colon_tumor.png,"(512, 512)",1168,"(400, 650, 43, 57)",7
train,colon_165_82_CT_colon_tumor.png,"(512, 512)",1664,"(402, 650, 51, 51)",10
train,colon_165_83_CT_colon_tumor.png,"(512, 512)",1232,"(390, 664, 65, 37)",7
train,colon_166_29_CT_colon_tumor.png,"(512, 512)",2548,"(676, 612, 59, 57)",1
train,colon_166_30_CT_colon_tumor.png,"(512, 512)",3684,"(674, 604, 77, 93)",2
train,colon_166_31_CT_colon_tumor.png,"(512, 512)",5732,"(610, 600, 141, 103)",3
train,colon_166_32_CT_colon_tumor.png,"(512, 512)",9476,"(608, 592, 161, 115)",6
train,colon_166_33_CT_colon_tumor.png,"(512, 512)",9636,"(610, 584, 147, 121)",6
train,colon_166_34_CT_colon_tumor.png,"(512, 512)",11256,"(606, 578, 149, 133)",7
train,colon_166_35_CT_colon_tumor.png,"(512, 512)",12420,"(620, 568, 141, 157)",8
train,colon_166_36_CT_colon_tumor.png,"(512, 512)",13320,"(634, 562, 133, 167)",9
train,colon_166_37_CT_colon_tumor.png,"(512, 512)",12296,"(648, 560, 129, 177)",8
train,colon_166_38_CT_colon_tumor.png,"(512, 512)",14476,"(642, 540, 139, 195)",10
train,colon_166_39_CT_colon_tumor.png,"(512, 512)",13092,"(644, 536, 135, 171)",9
train,colon_166_40_CT_colon_tumor.png,"(512, 512)",11040,"(680, 526, 105, 151)",7
train,colon_166_41_CT_colon_tumor.png,"(512, 512)",10092,"(674, 522, 105, 141)",6
train,colon_166_42_CT_colon_tumor.png,"(512, 512)",6212,"(664, 538, 125, 101)",4
train,colon_166_43_CT_colon_tumor.png,"(512, 512)",3772,"(674, 538, 107, 101)",2
train,colon_168_42_CT_colon_tumor.png,"(512, 512)",2620,"(790, 618, 91, 79)",5
train,colon_168_43_CT_colon_tumor.png,"(512, 512)",4400,"(778, 620, 105, 81)",9
train,colon_168_44_CT_colon_tumor.png,"(512, 512)",4616,"(786, 616, 91, 97)",10
train,colon_168_45_CT_colon_tumor.png,"(512, 512)",3896,"(780, 654, 101, 67)",8
train,colon_168_46_CT_colon_tumor.png,"(512, 512)",2868,"(784, 664, 77, 61)",6
train,colon_169_133_CT_colon_tumor.png,"(512, 512)",816,"(658, 670, 27, 37)",3
train,colon_169_134_CT_colon_tumor.png,"(512, 512)",1252,"(658, 662, 33, 53)",5
train,colon_169_135_CT_colon_tumor.png,"(512, 512)",1728,"(658, 658, 47, 59)",7
train,colon_169_136_CT_colon_tumor.png,"(512, 512)",2164,"(646, 652, 59, 63)",10
train,colon_169_137_CT_colon_tumor.png,"(512, 512)",1852,"(644, 650, 61, 63)",8
train,colon_169_138_CT_colon_tumor.png,"(512, 512)",1428,"(648, 652, 55, 63)",6
train,colon_169_139_CT_colon_tumor.png,"(512, 512)",980,"(648, 658, 57, 55)",4
train,colon_169_140_CT_colon_tumor.png,"(512, 512)",912,"(648, 658, 53, 53)",4
train,colon_169_141_CT_colon_tumor.png,"(512, 512)",792,"(656, 658, 43, 49)",3
train,colon_169_142_CT_colon_tumor.png,"(512, 512)",612,"(660, 664, 37, 41)",2
train,colon_169_143_CT_colon_tumor.png,"(512, 512)",524,"(672, 672, 21, 29)",2
test,colon_171_30_CT_colon_tumor.png,"(512, 512)",2276,"(790, 590, 49, 87)",3
test,colon_171_31_CT_colon_tumor.png,"(512, 512)",4868,"(776, 564, 65, 121)",6
test,colon_171_32_CT_colon_tumor.png,"(512, 512)",5348,"(774, 556, 71, 127)",7
test,colon_171_33_CT_colon_tumor.png,"(512, 512)",5284,"(772, 564, 77, 127)",7
test,colon_171_34_CT_colon_tumor.png,"(512, 512)",7156,"(762, 564, 87, 129)",10
test,colon_171_35_CT_colon_tumor.png,"(512, 512)",6372,"(758, 570, 91, 125)",8
test,colon_171_36_CT_colon_tumor.png,"(512, 512)",5524,"(754, 574, 99, 125)",7
test,colon_171_37_CT_colon_tumor.png,"(512, 512)",4320,"(752, 568, 99, 85)",6
test,colon_171_38_CT_colon_tumor.png,"(512, 512)",5600,"(750, 582, 121, 101)",7
test,colon_171_39_CT_colon_tumor.png,"(512, 512)",4864,"(752, 576, 117, 93)",6
test,colon_171_40_CT_colon_tumor.png,"(512, 512)",4596,"(760, 578, 109, 81)",6
test,colon_171_41_CT_colon_tumor.png,"(512, 512)",2088,"(774, 590, 71, 39)",2
test,colon_172_29_CT_colon_tumor.png,"(512, 512)",4612,"(464, 684, 163, 81)",5
test,colon_172_30_CT_colon_tumor.png,"(512, 512)",6928,"(458, 688, 139, 89)",8
test,colon_172_31_CT_colon_tumor.png,"(512, 512)",8060,"(458, 684, 141, 97)",9
test,colon_172_32_CT_colon_tumor.png,"(512, 512)",8480,"(446, 688, 147, 95)",10
test,colon_172_33_CT_colon_tumor.png,"(512, 512)",7472,"(448, 692, 139, 87)",8
test,colon_172_34_CT_colon_tumor.png,"(512, 512)",6024,"(460, 702, 119, 75)",7
test,colon_172_35_CT_colon_tumor.png,"(512, 512)",4664,"(466, 714, 103, 65)",5
test,colon_175_33_CT_colon_tumor.png,"(512, 512)",1188,"(716, 552, 45, 43)",3
test,colon_175_34_CT_colon_tumor.png,"(512, 512)",1716,"(706, 550, 51, 65)",4
test,colon_175_35_CT_colon_tumor.png,"(512, 512)",3296,"(696, 552, 73, 73)",8
test,colon_175_36_CT_colon_tumor.png,"(512, 512)",2708,"(696, 548, 69, 73)",7
test,colon_175_37_CT_colon_tumor.png,"(512, 512)",3800,"(700, 516, 59, 107)",10
test,colon_175_38_CT_colon_tumor.png,"(512, 512)",3528,"(692, 524, 69, 91)",9
test,colon_175_39_CT_colon_tumor.png,"(512, 512)",2512,"(688, 540, 65, 73)",6
test,colon_175_40_CT_colon_tumor.png,"(512, 512)",1612,"(682, 548, 59, 59)",4
test,colon_175_41_CT_colon_tumor.png,"(512, 512)",936,"(686, 566, 45, 35)",2
test,colon_176_26_CT_colon_tumor.png,"(512, 512)",468,"(688, 592, 31, 25)",7
test,colon_176_27_CT_colon_tumor.png,"(512, 512)",592,"(680, 588, 41, 27)",10
test,colon_176_28_CT_colon_tumor.png,"(512, 512)",376,"(682, 584, 31, 29)",6
test,colon_181_41_CT_colon_tumor.png,"(512, 512)",4484,"(626, 578, 119, 69)",9
test,colon_181_42_CT_colon_tumor.png,"(512, 512)",4740,"(640, 576, 89, 81)",10
test,colon_181_43_CT_colon_tumor.png,"(512, 512)",3820,"(650, 570, 73, 79)",8
test,colon_181_44_CT_colon_tumor.png,"(512, 512)",2708,"(664, 570, 67, 65)",5
test,colon_181_45_CT_colon_tumor.png,"(512, 512)",3180,"(656, 562, 101, 59)",6
test,colon_181_46_CT_colon_tumor.png,"(512, 512)",2716,"(666, 560, 75, 73)",5
test,colon_181_47_CT_colon_tumor.png,"(512, 512)",2284,"(670, 562, 67, 63)",4
test,colon_181_48_CT_colon_tumor.png,"(512, 512)",1292,"(684, 564, 61, 53)",2
test,colon_181_49_CT_colon_tumor.png,"(512, 512)",680,"(690, 564, 51, 53)",1
test,colon_185_84_CT_colon_tumor.png,"(512, 512)",3872,"(394, 334, 139, 73)",5
test,colon_185_85_CT_colon_tumor.png,"(512, 512)",4956,"(396, 334, 137, 73)",6
test,colon_185_86_CT_colon_tumor.png,"(512, 512)",6808,"(396, 330, 147, 93)",8
test,colon_185_87_CT_colon_tumor.png,"(512, 512)",6228,"(400, 328, 145, 85)",8
test,colon_185_88_CT_colon_tumor.png,"(512, 512)",6972,"(382, 332, 161, 107)",9
test,colon_185_89_CT_colon_tumor.png,"(512, 512)",7516,"(386, 326, 159, 107)",9
test,colon_185_90_CT_colon_tumor.png,"(512, 512)",7708,"(374, 330, 177, 103)",10
test,colon_185_91_CT_colon_tumor.png,"(512, 512)",6728,"(398, 328, 149, 95)",8
test,colon_185_92_CT_colon_tumor.png,"(512, 512)",6888,"(398, 326, 155, 97)",8
test,colon_185_93_CT_colon_tumor.png,"(512, 512)",7152,"(402, 324, 149, 91)",9
test,colon_185_94_CT_colon_tumor.png,"(512, 512)",7052,"(402, 326, 151, 83)",9
test,colon_185_95_CT_colon_tumor.png,"(512, 512)",6764,"(402, 324, 153, 75)",8
test,colon_185_96_CT_colon_tumor.png,"(512, 512)",5452,"(416, 328, 137, 61)",7
test,colon_185_97_CT_colon_tumor.png,"(512, 512)",4236,"(422, 332, 131, 55)",5
test,colon_185_98_CT_colon_tumor.png,"(512, 512)",3560,"(426, 332, 129, 49)",4
test,colon_185_99_CT_colon_tumor.png,"(512, 512)",1344,"(434, 348, 47, 33)",1
test,colon_187_72_CT_colon_tumor.png,"(512, 512)",2344,"(490, 296, 55, 57)",5
test,colon_187_73_CT_colon_tumor.png,"(512, 512)",3436,"(486, 294, 69, 65)",7
test,colon_187_74_CT_colon_tumor.png,"(512, 512)",2636,"(508, 280, 63, 65)",5
test,colon_187_75_CT_colon_tumor.png,"(512, 512)",2184,"(518, 276, 51, 71)",4
test,colon_187_76_CT_colon_tumor.png,"(512, 512)",2020,"(522, 280, 45, 67)",4
test,colon_187_77_CT_colon_tumor.png,"(512, 512)",2176,"(512, 282, 49, 61)",4
test,colon_187_78_CT_colon_tumor.png,"(512, 512)",4404,"(468, 284, 87, 117)",10
test,colon_187_79_CT_colon_tumor.png,"(512, 512)",2140,"(504, 308, 33, 87)",4
test,colon_187_80_CT_colon_tumor.png,"(512, 512)",1980,"(494, 326, 45, 67)",4
test,colon_192_40_CT_colon_tumor.png,"(512, 512)",708,"(748, 532, 35, 31)",1
test,colon_192_41_CT_colon_tumor.png,"(512, 512)",5532,"(708, 456, 87, 111)",9
test,colon_192_42_CT_colon_tumor.png,"(512, 512)",5836,"(714, 446, 89, 103)",10
test,colon_192_43_CT_colon_tumor.png,"(512, 512)",5072,"(706, 440, 95, 97)",8
test,colon_192_44_CT_colon_tumor.png,"(512, 512)",4436,"(714, 438, 83, 93)",7
test,colon_192_45_CT_colon_tumor.png,"(512, 512)",4036,"(732, 438, 67, 89)",6
test,colon_192_46_CT_colon_tumor.png,"(512, 512)",3408,"(728, 440, 77, 77)",5
test,colon_192_47_CT_colon_tumor.png,"(512, 512)",3200,"(722, 434, 73, 63)",5
test,colon_192_48_CT_colon_tumor.png,"(512, 512)",2712,"(726, 434, 71, 61)",4
test,colon_192_49_CT_colon_tumor.png,"(512, 512)",1628,"(728, 452, 59, 43)",2
test,colon_193_38_CT_colon_tumor.png,"(512, 512)",580,"(442, 610, 37, 23)",1
test,colon_193_39_CT_colon_tumor.png,"(512, 512)",1820,"(408, 614, 79, 67)",3
test,colon_193_40_CT_colon_tumor.png,"(512, 512)",1776,"(408, 618, 85, 59)",3
test,colon_193_41_CT_colon_tumor.png,"(512, 512)",2884,"(358, 612, 133, 63)",6
test,colon_193_42_CT_colon_tumor.png,"(512, 512)",4760,"(340, 610, 133, 65)",10
test,colon_193_43_CT_colon_tumor.png,"(512, 512)",4188,"(328, 606, 125, 61)",8
test,colon_193_44_CT_colon_tumor.png,"(512, 512)",3820,"(316, 608, 103, 55)",8
test,colon_193_45_CT_colon_tumor.png,"(512, 512)",3836,"(304, 606, 95, 59)",8
test,colon_193_46_CT_colon_tumor.png,"(512, 512)",3508,"(296, 598, 81, 67)",7
test,colon_193_47_CT_colon_tumor.png,"(512, 512)",1388,"(292, 596, 41, 43)",2
test,colon_193_48_CT_colon_tumor.png,"(512, 512)",2496,"(280, 580, 55, 63)",5
test,colon_193_49_CT_colon_tumor.png,"(512, 512)",1960,"(274, 578, 49, 57)",4
test,colon_193_50_CT_colon_tumor.png,"(512, 512)",1588,"(264, 572, 55, 47)",3
test,colon_193_51_CT_colon_tumor.png,"(512, 512)",1712,"(262, 562, 51, 51)",3
test,colon_194_58_CT_colon_tumor.png,"(512, 512)",3196,"(750, 492, 89, 51)",3
test,colon_194_59_CT_colon_tumor.png,"(512, 512)",8328,"(732, 440, 133, 113)",8
test,colon_194_60_CT_colon_tumor.png,"(512, 512)",9028,"(728, 442, 143, 113)",9
test,colon_194_61_CT_colon_tumor.png,"(512, 512)",9684,"(732, 446, 137, 111)",10
test,colon_194_62_CT_colon_tumor.png,"(512, 512)",8572,"(732, 458, 119, 105)",8
test,colon_194_63_CT_colon_tumor.png,"(512, 512)",7400,"(734, 474, 95, 131)",7
test,colon_194_64_CT_colon_tumor.png,"(512, 512)",7652,"(740, 484, 99, 129)",7
test,colon_194_65_CT_colon_tumor.png,"(512, 512)",9352,"(736, 496, 103, 139)",9
test,colon_194_66_CT_colon_tumor.png,"(512, 512)",6552,"(732, 526, 107, 111)",6
test,colon_194_67_CT_colon_tumor.png,"(512, 512)",5444,"(734, 520, 107, 99)",5
test,colon_194_68_CT_colon_tumor.png,"(512, 512)",4900,"(736, 524, 101, 107)",5
test,colon_194_69_CT_colon_tumor.png,"(512, 512)",2280,"(740, 540, 83, 57)",2
test,colon_196_40_CT_colon_tumor.png,"(512, 512)",976,"(702, 590, 33, 53)",5
test,colon_196_41_CT_colon_tumor.png,"(512, 512)",1688,"(700, 586, 41, 57)",10
test,colon_196_42_CT_colon_tumor.png,"(512, 512)",1432,"(700, 584, 41, 47)",8
test,colon_196_43_CT_colon_tumor.png,"(512, 512)",1444,"(700, 584, 41, 45)",8
test,colon_196_44_CT_colon_tumor.png,"(512, 512)",1196,"(696, 594, 35, 45)",7
test,colon_201_41_CT_colon_tumor.png,"(512, 512)",1076,"(356, 510, 41, 43)",1
test,colon_201_42_CT_colon_tumor.png,"(512, 512)",2524,"(332, 494, 63, 65)",4
test,colon_201_43_CT_colon_tumor.png,"(512, 512)",3572,"(332, 500, 69, 73)",6
test,colon_201_44_CT_colon_tumor.png,"(512, 512)",3160,"(334, 506, 69, 71)",5
test,colon_201_45_CT_colon_tumor.png,"(512, 512)",2936,"(342, 520, 65, 67)",5
test,colon_201_46_CT_colon_tumor.png,"(512, 512)",3324,"(308, 526, 103, 61)",6
test,colon_201_47_CT_colon_tumor.png,"(512, 512)",5236,"(294, 518, 111, 69)",9
test,colon_201_48_CT_colon_tumor.png,"(512, 512)",5504,"(290, 506, 111, 83)",10
test,colon_201_49_CT_colon_tumor.png,"(512, 512)",5416,"(284, 500, 113, 91)",9
test,colon_201_50_CT_colon_tumor.png,"(512, 512)",3296,"(312, 502, 79, 89)",5
test,colon_201_51_CT_colon_tumor.png,"(512, 512)",2456,"(316, 510, 69, 81)",4
test,colon_201_52_CT_colon_tumor.png,"(512, 512)",2608,"(312, 516, 67, 69)",4
test,colon_201_53_CT_colon_tumor.png,"(512, 512)",2648,"(310, 518, 65, 67)",4
test,colon_202_39_CT_colon_tumor.png,"(512, 512)",1908,"(772, 542, 45, 85)",2
test,colon_202_40_CT_colon_tumor.png,"(512, 512)",6012,"(708, 540, 115, 95)",8
test,colon_202_41_CT_colon_tumor.png,"(512, 512)",5448,"(710, 542, 117, 93)",7
test,colon_202_42_CT_colon_tumor.png,"(512, 512)",5296,"(720, 538, 111, 99)",7
test,colon_202_43_CT_colon_tumor.png,"(512, 512)",5604,"(724, 552, 109, 93)",7
test,colon_202_44_CT_colon_tumor.png,"(512, 512)",7348,"(724, 552, 141, 95)",10
test,colon_202_45_CT_colon_tumor.png,"(512, 512)",6268,"(730, 542, 141, 99)",8
test,colon_202_46_CT_colon_tumor.png,"(512, 512)",5452,"(736, 542, 109, 95)",7
test,colon_202_47_CT_colon_tumor.png,"(512, 512)",5120,"(750, 530, 113, 113)",6
test,colon_202_48_CT_colon_tumor.png,"(512, 512)",4588,"(746, 536, 101, 101)",6
test,colon_202_49_CT_colon_tumor.png,"(512, 512)",1400,"(788, 548, 43, 69)",1
test,colon_203_57_CT_colon_tumor.png,"(512, 512)",3096,"(768, 510, 87, 83)",2
test,colon_203_58_CT_colon_tumor.png,"(512, 512)",5404,"(766, 488, 95, 107)",5
test,colon_203_59_CT_colon_tumor.png,"(512, 512)",7380,"(768, 486, 95, 109)",7
test,colon_203_60_CT_colon_tumor.png,"(512, 512)",7668,"(768, 482, 91, 117)",7
test,colon_203_61_CT_colon_tumor.png,"(512, 512)",5340,"(772, 480, 83, 109)",5
test,colon_203_62_CT_colon_tumor.png,"(512, 512)",4964,"(770, 482, 81, 87)",4
test,colon_203_63_CT_colon_tumor.png,"(512, 512)",8088,"(746, 460, 101, 107)",7
test,colon_203_64_CT_colon_tumor.png,"(512, 512)",10380,"(746, 456, 113, 127)",10
test,colon_203_65_CT_colon_tumor.png,"(512, 512)",9160,"(744, 458, 115, 121)",8
test,colon_203_66_CT_colon_tumor.png,"(512, 512)",5884,"(750, 460, 109, 99)",5
test,colon_203_67_CT_colon_tumor.png,"(512, 512)",3668,"(776, 476, 75, 63)",3
test,colon_203_68_CT_colon_tumor.png,"(512, 512)",1812,"(770, 486, 59, 45)",1
test,colon_205_20_CT_colon_tumor.png,"(512, 512)",2328,"(354, 350, 121, 173)",2
test,colon_205_21_CT_colon_tumor.png,"(512, 512)",5888,"(354, 330, 129, 205)",5
test,colon_205_22_CT_colon_tumor.png,"(512, 512)",8232,"(354, 338, 129, 193)",8
test,colon_205_23_CT_colon_tumor.png,"(512, 512)",9920,"(362, 342, 125, 171)",10
test,colon_205_24_CT_colon_tumor.png,"(512, 512)",7660,"(372, 352, 121, 151)",7
test,colon_205_25_CT_colon_tumor.png,"(512, 512)",4392,"(418, 384, 81, 99)",4
test,colon_206_19_CT_colon_tumor.png,"(512, 512)",4848,"(450, 434, 87, 127)",6
test,colon_206_20_CT_colon_tumor.png,"(512, 512)",7520,"(454, 412, 91, 149)",10
test,colon_206_21_CT_colon_tumor.png,"(512, 512)",6460,"(454, 418, 93, 123)",8
test,colon_206_22_CT_colon_tumor.png,"(512, 512)",5404,"(454, 404, 89, 137)",7
test,colon_206_23_CT_colon_tumor.png,"(512, 512)",3960,"(460, 442, 65, 97)",5
test,colon_207_29_CT_colon_tumor.png,"(512, 512)",1536,"(612, 462, 103, 35)",1
test,colon_207_30_CT_colon_tumor.png,"(512, 512)",1496,"(624, 460, 93, 41)",1
test,colon_207_31_CT_colon_tumor.png,"(512, 512)",4564,"(618, 442, 101, 93)",3
test,colon_207_32_CT_colon_tumor.png,"(512, 512)",7696,"(592, 418, 127, 113)",6
test,colon_207_33_CT_colon_tumor.png,"(512, 512)",10004,"(598, 404, 129, 141)",8
test,colon_207_34_CT_colon_tumor.png,"(512, 512)",10500,"(596, 412, 137, 113)",8
test,colon_207_35_CT_colon_tumor.png,"(512, 512)",11400,"(598, 400, 133, 127)",9
test,colon_207_36_CT_colon_tumor.png,"(512, 512)",11868,"(596, 412, 145, 119)",10
test,colon_207_37_CT_colon_tumor.png,"(512, 512)",10720,"(602, 408, 131, 125)",9
test,colon_207_38_CT_colon_tumor.png,"(512, 512)",10260,"(596, 416, 125, 125)",8
test,colon_207_39_CT_colon_tumor.png,"(512, 512)",7352,"(600, 422, 121, 111)",6
test,colon_207_40_CT_colon_tumor.png,"(512, 512)",5756,"(618, 432, 101, 105)",4
test,colon_207_41_CT_colon_tumor.png,"(512, 512)",4912,"(634, 428, 79, 107)",4
test,colon_207_42_CT_colon_tumor.png,"(512, 512)",1904,"(644, 460, 65, 51)",1
test,colon_208_51_CT_colon_tumor.png,"(512, 512)",1028,"(726, 536, 31, 51)",5
test,colon_208_52_CT_colon_tumor.png,"(512, 512)",1264,"(726, 534, 31, 55)",6
test,colon_208_53_CT_colon_tumor.png,"(512, 512)",1156,"(726, 534, 33, 59)",5
test,colon_208_54_CT_colon_tumor.png,"(512, 512)",2052,"(702, 526, 51, 67)",10
test,colon_208_55_CT_colon_tumor.png,"(512, 512)",1464,"(710, 532, 41, 61)",7
test,colon_212_460_CT_colon_tumor.png,"(512, 512)",1616,"(524, 262, 39, 61)",7
test,colon_212_461_CT_colon_tumor.png,"(512, 512)",1928,"(514, 260, 49, 65)",9
test,colon_212_462_CT_colon_tumor.png,"(512, 512)",2020,"(516, 262, 45, 69)",9
test,colon_212_463_CT_colon_tumor.png,"(512, 512)",2108,"(516, 262, 43, 69)",9
test,colon_212_464_CT_colon_tumor.png,"(512, 512)",2116,"(506, 262, 45, 69)",10
test,colon_212_465_CT_colon_tumor.png,"(512, 512)",2028,"(498, 262, 47, 69)",9
test,colon_212_466_CT_colon_tumor.png,"(512, 512)",1440,"(496, 266, 37, 67)",6
test,colon_212_467_CT_colon_tumor.png,"(512, 512)",1524,"(494, 260, 37, 73)",7
test,colon_212_468_CT_colon_tumor.png,"(512, 512)",1288,"(500, 258, 33, 69)",6
test,colon_212_469_CT_colon_tumor.png,"(512, 512)",1556,"(498, 264, 35, 75)",7
test,colon_212_470_CT_colon_tumor.png,"(512, 512)",1544,"(502, 270, 37, 67)",7
test,colon_212_471_CT_colon_tumor.png,"(512, 512)",2088,"(496, 262, 43, 77)",9
test,colon_212_472_CT_colon_tumor.png,"(512, 512)",2076,"(500, 262, 41, 73)",9
test,colon_212_473_CT_colon_tumor.png,"(512, 512)",2012,"(506, 272, 45, 63)",9
test,colon_212_474_CT_colon_tumor.png,"(512, 512)",2020,"(510, 266, 43, 69)",9
test,colon_212_475_CT_colon_tumor.png,"(512, 512)",1740,"(512, 274, 41, 55)",8
test,colon_212_476_CT_colon_tumor.png,"(512, 512)",1356,"(518, 280, 37, 53)",6
test,colon_212_477_CT_colon_tumor.png,"(512, 512)",496,"(530, 294, 25, 25)",2
test,colon_213_23_CT_colon_tumor.png,"(512, 512)",1068,"(510, 368, 55, 55)",2
test,colon_213_24_CT_colon_tumor.png,"(512, 512)",1764,"(500, 360, 73, 69)",3
test,colon_213_25_CT_colon_tumor.png,"(512, 512)",2608,"(496, 354, 81, 83)",5
test,colon_213_26_CT_colon_tumor.png,"(512, 512)",4816,"(494, 340, 87, 107)",10
test,colon_213_27_CT_colon_tumor.png,"(512, 512)",4732,"(494, 356, 87, 101)",9
test,colon_213_28_CT_colon_tumor.png,"(512, 512)",3148,"(518, 380, 67, 81)",6
test,colon_213_29_CT_colon_tumor.png,"(512, 512)",2296,"(510, 392, 79, 75)",4
test,colon_213_30_CT_colon_tumor.png,"(512, 512)",1636,"(508, 412, 75, 47)",3
test,colon_214_28_CT_colon_tumor.png,"(512, 512)",2588,"(496, 348, 73, 83)",7
test,colon_214_29_CT_colon_tumor.png,"(512, 512)",3444,"(486, 372, 85, 65)",9
test,colon_214_30_CT_colon_tumor.png,"(512, 512)",3572,"(488, 378, 77, 75)",10
test,colon_214_31_CT_colon_tumor.png,"(512, 512)",1920,"(496, 426, 65, 43)",5
test,colon_215_39_CT_colon_tumor.png,"(512, 512)",884,"(606, 540, 53, 39)",6
test,colon_215_40_CT_colon_tumor.png,"(512, 512)",1320,"(616, 540, 55, 55)",9
test,colon_215_41_CT_colon_tumor.png,"(512, 512)",1360,"(616, 536, 65, 39)",9
test,colon_215_42_CT_colon_tumor.png,"(512, 512)",1252,"(612, 540, 45, 41)",9
test,colon_215_43_CT_colon_tumor.png,"(512, 512)",1380,"(610, 540, 45, 45)",10
test,colon_215_44_CT_colon_tumor.png,"(512, 512)",656,"(608, 554, 29, 31)",4
test,colon_216_46_CT_colon_tumor.png,"(512, 512)",680,"(564, 686, 41, 25)",1
test,colon_216_47_CT_colon_tumor.png,"(512, 512)",980,"(548, 678, 55, 23)",2
test,colon_216_48_CT_colon_tumor.png,"(512, 512)",3496,"(542, 636, 85, 101)",10
test,colon_216_49_CT_colon_tumor.png,"(512, 512)",2804,"(540, 642, 89, 91)",8
test,colon_216_50_CT_colon_tumor.png,"(512, 512)",2240,"(548, 646, 79, 89)",6
test,colon_216_51_CT_colon_tumor.png,"(512, 512)",1292,"(568, 654, 37, 49)",3
test,colon_217_53_CT_colon_tumor.png,"(512, 512)",1480,"(620, 562, 63, 43)",4
test,colon_217_54_CT_colon_tumor.png,"(512, 512)",1388,"(620, 562, 53, 59)",4
test,colon_217_55_CT_colon_tumor.png,"(512, 512)",1560,"(616, 576, 69, 53)",5
test,colon_217_56_CT_colon_tumor.png,"(512, 512)",1708,"(622, 580, 61, 51)",5
test,colon_217_57_CT_colon_tumor.png,"(512, 512)",2468,"(616, 582, 79, 55)",8
test,colon_217_58_CT_colon_tumor.png,"(512, 512)",3008,"(586, 582, 97, 61)",10
test,colon_218_29_CT_colon_tumor.png,"(512, 512)",1312,"(468, 646, 41, 51)",2
test,colon_218_30_CT_colon_tumor.png,"(512, 512)",2272,"(476, 640, 49, 69)",4
test,colon_218_31_CT_colon_tumor.png,"(512, 512)",4884,"(480, 642, 113, 73)",10
test,colon_218_32_CT_colon_tumor.png,"(512, 512)",3604,"(484, 648, 105, 73)",7
test,colon_218_33_CT_colon_tumor.png,"(512, 512)",2560,"(490, 650, 113, 87)",5
test,colon_219_30_CT_colon_tumor.png,"(512, 512)",4948,"(720, 524, 81, 75)",2
test,colon_219_31_CT_colon_tumor.png,"(512, 512)",8364,"(698, 524, 115, 107)",3
test,colon_219_32_CT_colon_tumor.png,"(512, 512)",13228,"(686, 510, 129, 155)",5
test,colon_219_33_CT_colon_tumor.png,"(512, 512)",14924,"(678, 496, 137, 179)",6
test,colon_219_34_CT_colon_tumor.png,"(512, 512)",16800,"(672, 484, 147, 199)",7
test,colon_219_35_CT_colon_tumor.png,"(512, 512)",19780,"(670, 484, 173, 201)",8
test,colon_219_36_CT_colon_tumor.png,"(512, 512)",23828,"(638, 478, 209, 217)",9
test,colon_219_37_CT_colon_tumor.png,"(512, 512)",23836,"(640, 492, 207, 207)",9
test,colon_219_38_CT_colon_tumor.png,"(512, 512)",20544,"(644, 520, 215, 189)",8
test,colon_219_39_CT_colon_tumor.png,"(512, 512)",23748,"(658, 538, 205, 177)",9
test,colon_219_40_CT_colon_tumor.png,"(512, 512)",23904,"(658, 514, 203, 193)",9
test,colon_219_41_CT_colon_tumor.png,"(512, 512)",23248,"(670, 508, 197, 191)",9
test,colon_219_42_CT_colon_tumor.png,"(512, 512)",23976,"(678, 504, 189, 189)",10
test,colon_219_43_CT_colon_tumor.png,"(512, 512)",22824,"(678, 498, 195, 185)",9
test,colon_219_44_CT_colon_tumor.png,"(512, 512)",20112,"(676, 482, 197, 191)",8
test,colon_219_45_CT_colon_tumor.png,"(512, 512)",13316,"(700, 480, 171, 137)",5
test,colon_219_46_CT_colon_tumor.png,"(512, 512)",8200,"(756, 482, 121, 97)",3
test,colon_219_47_CT_colon_tumor.png,"(512, 512)",7200,"(768, 470, 111, 101)",3
test,colon_219_48_CT_colon_tumor.png,"(512, 512)",7808,"(766, 474, 115, 91)",3
test,colon_219_49_CT_colon_tumor.png,"(512, 512)",7016,"(758, 472, 123, 87)",2
